SiteID,Observation,Date,Observation_Start_PST,Observation_Start_Total_Sec,Chips_Calls_SS,Chip_Call_Cessation_SS,Singing_SS,Singing_Cessation_SS,Chips_Calls_ST,Chip_Call_Cessation_ST,Singing_ST,Singing_Cessation_ST,Chips_Calls_LG,Chip_Call_Cessation_LG,Singing_LG,Singing_Cessation_LG,Chips_Calls_BCC,Chip_Call_Cessation_BCC,Singing_BCC,Singing_Cessation_BCC,Chips_Calls_BW,Chip_Call_Cessation_BW,Singing_BW,Singing_Cessation_BW,Chips_Calls_GCS,Chip_Call_Cessation_GCS,Singing_GCS,Singing_Cessation_GCS,Chips_Calls_RCK,Chip_Call_Cessation_RCK,Singing_RCK,Singing_Cessation_RCK,Chips_Calls_Non_SS,Chip_Call_Cessation_Non_SS,Singing_Non_SS,Singing_Cessation_Non_SS,Chips_Calls_All,Chip_Call_Cessation_All,Singing_All,Singing_Cessation_All,User_Groups,Total_Humans,Total_Dogs,Human_Noise_Max,Dog_Noise_Max,Noise_Max,User_Group_Composition,Humans_UserG1,User_Group_Speed_1_UserG1,User_Group_Speed_2_UserG1,User_Group_Speed_3_UserG1,User_Group_Speed_Max_UserG1,User_Group_Speed_Der1_UserG1,User_Group_Speed_Der2_UserG1,Human_Noise_1_UserG1,Human_Noise_2_UserG1,Human_Noise_3_UserG1,Human_Noise_Max_UserG1,Human_Noise_Der1_UserG1,Human_Noise_Der2_UserG1,Tool_Use_UserG1,Dogs_UserG1,Leash_UserG1,Dog_Noise_1_UserG1,Dog_Noise_2_UserG1,Dog_Noise_Max_UserG1,Dog_Noise_Der_UserG1,Path_Dogs_1_UserG1,Path_Dogs_2_UserG1,Path_Dogs_Der_UserG1,Humans_UserG2,User_Group_Speed_1_UserG2,User_Group_Speed_2_UserG2,User_Group_Speed_Max_UserG2,User_Group_Speed_Dev_UserG2,Human_Noise_1_UserG2,Human_Noise_2_UserG2,Human_Noise_Max_UserG2,Human_Noise_Dev_UserG2,Tool_Use_UserG2,Dogs_UserG2,Leash_UserG2,Dog_Noise_1_UserG2,Dog_Noise_Max_UserG2,Path_Dogs_1_UserG2,Path_Dogs_2_UserG2,Path_Dogs_Der_User2,Humans_UserG3,User_Group_Speed_1_UserG3,User_Group_Speed_2_UserG3,User_Group_Speed_Max_UserG3,User_Group_Speed_Dev_UserG3,Human_Noise_1_UserG3,Human_Noise_2_UserG3,Human_Noise_Max_UserG3,Human_Noise_Dev_UserG3,Tool_Use_UserG3,Dogs_UserG3,Leash_UserG3,Dog_Noise_1_UserG3,Dog_Noise_2_UserG3,Dog_Noise_Max_UserG3,Dog_Noise_Dev_UserG3,Path_Dogs_UserG3,Observation_End_PST,Observation_End_Total_Sec,Observation_Midpoint,Observation_Duration,Noise_Pollution,Frogs
oaks,1,9/24/2024,8:08:12 AM,0,1,0,0,0,1,0,0,0,0,0,0,0,1,0,0,0,0,0,0,0,0,0,0,0,0,0,0,0,1,0,0,0,1,0,0,0,0,0,0,0,0,0,No users,,,,,,,,,,,,,,,,,,,,,,,,,,,,,,,,,,,,,,,,,,,,,,,,,,,,,,,,,,8:09:24 AM,72,36,72,0,0
oaks,2,9/24/2024,8:09:53 AM,101,0,0,0,0,0,0,0,0,0,0,0,0,0,0,0,0,0,0,0,0,0,0,0,0,0,0,0,0,0,0,0,0,0,0,0,0,1,1,0,1,0,1,No dogs,1,2,,,2,0,,0,,,0,0,,,,,,,,,,,,,,,,,,,,,,,,,,,,,,,,,,,,,,,,,,,,,,8:10:17 AM,125,113,24,0,0
oaks,3,9/24/2024,8:11:06 AM,174,0,0,1,0,1,0,0,0,0,0,0,0,1,0,0,0,1,0,0,0,0,0,0,0,0,0,0,0,1,0,0,0,1,0,1,0,0,0,0,0,0,0,No users,,,,,,,,,,,,,,,,,,,,,,,,,,,,,,,,,,,,,,,,,,,,,,,,,,,,,,,,,,8:13:47 AM,335,255,161,0,0
oaks,4,9/24/2024,8:16:53 AM,521,1,0,1,0,1,0,0,0,0,0,0,0,1,0,0,0,0,0,1,0,0,0,0,0,0,0,0,0,1,0,1,0,1,0,1,0,0,0,0,0,0,0,No users,,,,,,,,,,,,,,,,,,,,,,,,,,,,,,,,,,,,,,,,,,,,,,,,,,,,,,,,,,8:18:09 AM,597,559,76,0,0
oaks,6,9/24/2024,8:26:02 AM,1071,0,0,1,0,1,0,0,0,0,0,0,0,0,0,0,0,0,0,0,0,0,0,0,0,0,0,0,0,1,0,0,0,1,0,1,0,0,0,0,0,0,0,No users,,,,,,,,,,,,,,,,,,,,,,,,,,,,,,,,,,,,,,,,,,,,,,,,,,,,,,,,,,8:27:33 AM,1162,1117,91,0,0
oaks,7,9/24/2024,8:27:48 AM,1176,0,1,0,0,0,1,0,0,0,0,0,0,0,0,0,0,0,0,0,0,0,0,0,0,0,0,0,0,0,1,0,0,0,1,0,0,1,1,0,1,0,1,No dogs,1,3,,,3,0,,0,,,0,0,,,,,,,,,1,,0,,,,,,,,,,,,,,,,,,,,,,,,,,,,,,,,,,,8:28:00 AM,1188,1182,12,0,0
oaks,8,9/24/2024,8:28:40 AM,1228,0,0,1,0,1,0,0,0,0,0,0,0,1,0,0,0,0,0,0,0,0,0,0,0,0,0,0,0,1,0,0,0,1,0,1,0,0,0,0,0,0,0,No users,,,,,,,,,,,,,,,,,,,,,,,,,,,,,,,,,,,,,,,,,,,,,,,,,,,,,,,,,,8:29:53 AM,1301,1265,73,0,0
oaks,9,9/24/2024,8:30:19 AM,1327,0,0,0,1,0,1,0,0,0,0,0,0,0,0,0,0,0,0,0,0,0,0,0,0,0,0,0,0,0,1,0,0,0,1,0,1,1,1,0,1,0,1,No dogs,1,3,,,3,0,,0,,,0,0,,,,,,,,,,,,,,,,,,,,,,,,,,,,,,,,,,,,,,,,,,,,,,8:30:28 AM,1336,1332,9,0,0
oaks,10,9/24/2024,8:31:19 AM,1387,0,0,1,0,1,0,0,0,0,0,0,0,1,0,0,0,0,0,0,0,0,0,0,0,0,0,0,0,1,0,0,0,1,0,1,0,0,0,0,0,0,0,No users,,,,,,,,,,,,,,,,,,,,,,,,,,,,,,,,,,,,,,,,,,,,,,,,,,,,,,,,,,8:32:20 AM,1448,1418,61,0,0
oaks,11,9/24/2024,8:36:07 AM,1675,0,0,1,0,1,0,0,0,0,0,0,0,1,0,0,0,0,0,0,0,0,0,0,0,0,0,0,0,1,0,0,0,1,0,1,0,0,0,0,0,0,0,No users,,,,,,,,,,,,,,,,,,,,,,,,,,,,,,,,,,,,,,,,,,,,,,,,,,,,,,,,,,8:36:44 AM,1712,1694,37,0,0
oaks,12,9/24/2024,8:37:24 AM,1752,1,0,1,0,0,1,0,0,0,0,0,0,0,0,0,0,0,0,0,0,0,0,0,0,0,0,0,0,0,1,0,0,1,1,1,0,1,1,1,1,1,2,Dogs,1,3,,,3,0,,0,,,0,0,,,1,1,0,,0,0,1,,0,,,,,,,,,,,,,,,,,,,,,,,,,,,,,,,,,,,8:37:38 AM,1766,1759,14,0,0
oaks,13,9/24/2024,8:42:56 AM,2084,1,0,1,0,1,0,0,0,0,0,0,0,1,0,0,0,0,0,0,0,0,0,0,0,0,0,0,0,1,0,0,0,1,0,1,0,0,0,0,0,0,0,No users,,,,,,,,,,,,,,,,,,,,,,,,,,,,,,,,,,,,,,,,,,,,,,,,,,,,,,,,,,8:44:47 AM,2195,2140,111,0,0
oaks,14,9/24/2024,8:50:41 AM,2549,1,0,1,0,1,0,0,0,0,0,0,0,1,0,0,0,0,0,0,0,0,0,0,0,0,0,0,0,1,0,0,0,1,0,1,0,0,0,0,0,0,0,No users,,,,,,,,,,,,,,,,,,,,,,,,,,,,,,,,,,,,,,,,,,,,,,,,,,,,,,,,,,8:51:47 AM,2615,2582,66,0,0
oaks,15,9/24/2024,9:00:42 AM,3150,0,0,0,1,1,0,0,0,0,0,0,0,1,0,0,0,0,0,0,0,0,0,0,0,0,0,0,0,1,0,0,0,1,0,0,1,1,2,0,3,0,3,No dogs,2,3,,,3,0,,2,,,2,0,,,,,,,,,,,,,,,,,,,,,,,,,,,,,,,,,,,,,,,,,,,,,,9:00:54 AM,3162,3156,12,0,0
oaks,16,9/24/2024,9:02:48 AM,3276,1,0,1,0,1,0,0,0,0,0,0,0,1,0,0,0,0,0,0,0,0,0,0,0,0,0,0,0,1,0,0,0,1,0,1,0,1,1,0,1,0,1,No dogs,1,2,,,2,0,,0,,,0,0,,,,,,,,,,,,,,,,,,,,,,,,,,,,,,,,,,,,,,,,,,,,,,9:03:15 AM,3303,3290,27,0,0
oaks,17,9/24/2024,9:04:33 AM,3381,0,0,1,0,1,0,0,0,0,0,0,0,1,0,0,0,0,0,0,0,0,0,0,0,0,0,0,0,1,0,0,0,1,0,1,0,1,1,0,2,0,2,No dogs,1,2,,,2,0,,1,,,1,0,,,,,,,,,,,,,,,,,,,,,,,,,,,,,,,,,,,,,,,,,,,,,,9:04:58 AM,3406,3394,25,0,0
oaks,18,9/24/2024,9:05:48 AM,3456,1,0,0,0,1,0,0,0,0,0,0,0,1,0,0,0,0,0,0,0,0,0,0,0,0,0,0,0,1,0,0,0,1,0,0,0,0,0,0,0,0,0,No users,,,,,,,,,,,,,,,,,,,,,,,,,,,,,,,,,,,,,,,,,,,,,,,,,,,,,,,,,,9:08:59 AM,3647,3552,191,1,1
oaks,19,9/24/2024,9:18:43 AM,4231,1,0,0,0,0,0,0,0,0,0,0,0,0,0,0,0,0,0,0,0,0,0,0,0,0,0,0,0,0,0,0,0,1,0,0,0,1,1,0,1,0,1,No dogs,1,2,,,2,0,,0,,,0,0,,,,,,,,,,,,,,,,,,,,,,,,,,,,,,,,,,,,,,,,,,,,,,9:19:04 AM,4252,4242,21,0,0
oaks,20,9/24/2024,9:22:05 AM,4433,0,0,0,0,0,0,0,0,0,0,0,0,1,0,0,0,0,0,0,0,0,0,0,0,0,0,0,0,1,0,0,0,1,0,0,0,2,2,0,1,0,1,No dogs,1,3,,,3,0,,0,,,0,0,,,,,,,,,,,,1,2,1,2,1,0,,0,0,,,,,,,,,,,,,,,,,,,,,,,,,,9:22:39 AM,4467,4450,34,0,0
oaks,21,9/24/2024,9:23:55 AM,4543,1,0,1,0,0,0,0,0,0,0,0,0,1,0,0,0,0,0,0,0,0,0,0,0,0,0,0,0,1,0,0,0,1,0,1,0,0,0,0,0,0,0,No users,,,,,,,,,,,,,,,,,,,,,,,,,,,,,,,,,,,,,,,,,,,,,,,,,,,,,,,,,,9:25:23 AM,4631,4587,88,0,0
oaks,22,9/24/2024,9:26:23 AM,4691,0,1,0,1,0,1,0,0,0,0,0,0,0,1,0,0,0,0,0,0,0,0,0,0,0,0,0,0,0,1,0,0,0,1,0,1,3,3,0,2,0,2,No dogs,1,2,,,2,0,,0,,,0,0,,,,,,,,,,,,1,3,,3,2,1,0,1,-1,,,,,,,,,,2,,2,0,0,,0,0,,,,,,,,,9:27:34 AM,4762,4727,71,0,0
oaks,23,9/24/2024,9:28:27 AM,4815,0,0,1,0,1,0,0,0,0,0,0,0,0,0,0,0,0,0,0,0,0,0,0,0,0,0,0,0,1,0,0,0,1,0,1,0,0,0,0,0,0,0,No users,,,,,,,,,,,,,,,,,,,,,,,,,,,,,,,,,,,,,,,,,,,,,,,,,,,,,,,,,,9:29:35 AM,4883,4849,68,0,0
sellwood,1,9/28/2024,8:00:22 AM,0,0,1,0,1,0,0,0,0,0,0,0,0,0,0,0,0,0,0,0,0,0,0,0,0,0,0,0,0,0,0,0,0,0,1,0,1,1,2,1,3,2,4,Dogs,2,1,,,1,0,,2,,,2,0,,,1,0,1,,1,0,0,,0,,,,,,,,,,,,,,,,,,,,,,,,,,,,,,,,,,,8:00:47 AM,25,13,25,1,0
sellwood,2,9/28/2024,8:01:49 AM,87,0,0,0,0,0,0,0,0,0,0,0,0,0,0,0,0,0,0,0,0,0,0,0,0,0,0,0,0,0,0,0,0,0,0,0,0,0,0,0,0,0,0,No users,,,,,,,,,,,,,,,,,,,,,,,,,,,,,,,,,,,,,,,,,,,,,,,,,,,,,,,,,,8:03:02 AM,160,124,73,0,0
sellwood,3,9/28/2024,8:06:19 AM,357,1,0,1,0,1,0,0,0,0,0,0,0,0,0,0,0,1,0,0,0,0,0,0,0,0,0,0,0,1,0,0,0,1,0,1,0,0,0,0,0,0,0,No users,,,,,,,,,,,,,,,,,,,,,,,,,,,,,,,,,,,,,,,,,,,,,,,,,,,,,,,,,,8:08:31 AM,489,423,132,0,0
sellwood,4,9/28/2024,8:12:18 AM,716,1,0,0,1,0,0,0,0,0,0,0,0,0,0,0,0,0,0,0,0,0,0,0,0,0,0,0,0,0,0,0,0,1,0,0,1,2,2,2,2,2,3,Dogs,1,1,,,1,0,,0,1,,1,1,0,,1,1,0,,0,0,1,,0,1,1,,1,0,0,,0,0,,1,0,1,1,0,1,1,,,,,,,,,,,,,,,,,,8:13:35 AM,793,755,77,0,0
sellwood,5,9/28/2024,8:16:51 AM,989,1,0,1,0,0,0,0,0,0,0,0,0,0,0,0,0,0,0,0,0,0,0,0,0,0,0,0,0,0,0,0,0,1,0,1,0,0,0,0,0,0,0,No users,,,,,,,,,,,,,,,,,,,,,,,,,,,,,,,,,,,,,,,,,,,,,,,,,,,,,,,,,,8:18:04 AM,1062,1026,73,0,0
sellwood,6,9/28/2024,8:21:44 AM,1282,1,0,0,0,0,0,0,0,0,0,0,0,0,0,0,0,0,0,0,0,0,0,0,0,0,0,0,0,0,0,0,0,1,0,0,0,0,0,0,0,0,0,No users,,,,,,,,,,,,,,,,,,,,,,,,,,,,,,,,,,,,,,,,,,,,,,,,,,,,,,,,,,8:23:51 AM,1409,1346,127,0,0
sellwood,7,9/28/2024,8:26:05 AM,1543,0,1,0,0,0,0,0,0,0,0,0,0,0,0,0,0,0,0,0,0,0,0,0,0,0,0,0,0,0,0,0,0,0,1,0,0,1,1,2,2,1,3,Dogs,1,1,,,1,0,,1,,,1,0,,,2,0,0,,0,0,1,,0,,,,,,,,,,,,,,,,,,,,,,,,,,,,,,,,,,,8:26:38 AM,1576,1560,33,0,0
sellwood,8,9/28/2024,8:28:32 AM,1690,0,0,1,0,0,0,0,0,0,0,0,0,0,0,0,0,1,0,1,0,0,0,0,0,0,0,0,0,1,0,1,0,1,0,1,0,0,0,0,0,0,0,No users,,,,,,,,,,,,,,,,,,,,,,,,,,,,,,,,,,,,,,,,,,,,,,,,,,,,,,,,,,8:29:43 AM,1761,1726,71,0,0
sellwood,9,9/28/2024,8:34:28 AM,2046,0,0,0,0,0,0,0,0,0,0,0,0,0,0,0,0,0,0,0,0,0,0,0,0,0,0,0,0,0,0,0,0,0,0,0,0,1,3,0,3,0,3,No dogs,3,3,,,3,0,,0,2,,2,2,0,,,,,,,,,,,,,,,,,,,,,,,,,,,,,,,,,,,,,,,,,,,,,8:34:51 AM,2069,2058,23,0,0
sellwood,10,9/28/2024,8:35:22 AM,2100,0,0,0,0,0,0,0,0,0,0,0,0,0,0,0,0,0,0,0,0,0,0,0,0,0,0,0,0,0,0,0,0,0,0,0,0,1,1,0,1,0,1,No dogs,1,2,,,2,0,,0,,,0,0,,,,,,,,,,,,,,,,,,,,,,,,,,,,,,,,,,,,,,,,,,,,,,8:35:42 AM,2120,2110,20,0,0
sellwood,11,9/28/2024,8:37:59 AM,2257,0,0,0,0,0,0,0,0,0,0,0,0,0,0,0,0,0,0,0,0,0,0,0,0,0,0,0,0,0,0,0,0,0,0,0,0,1,1,2,3,2,4,Dogs,1,2,,,2,0,,0,2,,2,2,0,,2,0,1,,1,0,1,,0,,,,,,,,,,,,,,,,,,,,,,,,,,,,,,,,,,,8:38:29 AM,2287,2272,30,0,0
sellwood,12,9/28/2024,8:40:15 AM,2393,0,0,0,0,0,0,0,0,0,0,0,0,1,0,0,0,0,0,0,0,0,0,0,0,0,0,0,0,1,0,0,0,1,0,0,0,0,0,0,0,0,0,No users,,,,,,,,,,,,,,,,,,,,,,,,,,,,,,,,,,,,,,,,,,,,,,,,,,,,,,,,,,8:42:06 AM,2504,2449,111,0,0
sellwood,13,9/28/2024,8:43:56 AM,2614,0,0,0,0,0,0,0,0,0,0,0,0,1,0,0,0,0,0,0,0,0,0,0,0,0,0,0,0,1,0,0,0,1,0,0,0,1,1,1,1,1,2,Dogs,1,2,,,2,0,,0,,,0,0,,,1,1,0,,0,0,1,,0,,,,,,,,,,,,,,,,,,,,,,,,,,,,,,,,,,,8:44:13 AM,2631,2623,17,0,1
sellwood,14,9/28/2024,8:45:42 AM,2720,0,0,1,0,0,0,0,0,0,0,0,0,1,0,0,0,0,0,0,0,0,0,0,0,0,0,0,0,1,0,0,0,1,0,1,0,0,0,0,0,0,0,No users,,,,,,,,,,,,,,,,,,,,,,,,,,,,,,,,,,,,,,,,,,,,,,,,,,,,,,,,,,8:47:10 AM,2808,2764,88,0,0
sellwood,15,9/28/2024,8:47:31 AM,2829,0,0,0,0,0,0,0,0,0,0,0,0,0,0,0,0,0,0,0,0,0,0,0,0,0,0,0,0,0,0,0,0,0,0,0,0,1,2,0,2,0,2,No dogs,2,3,,,3,0,,1,,,1,0,,,,,,,,,,,,,,,,,,,,,,,,,,,,,,,,,,,,,,,,,,,,,,8:47:44 AM,2842,2836,13,0,0
sellwood,16,9/28/2024,8:48:04 AM,2862,0,0,0,0,0,0,0,0,0,0,0,0,0,0,0,0,0,0,0,0,0,0,0,0,0,0,0,0,0,0,0,0,0,0,0,0,1,2,0,2,0,2,No dogs,2,3,,,3,0,,1,,,1,0,,,,,,,,,,,,,,,,,,,,,,,,,,,,,,,,,,,,,,,,,,,,,,8:48:19 AM,2877,2870,15,0,0
sellwood,17,9/28/2024,8:53:01 AM,3159,1,0,0,0,0,0,0,0,0,0,0,0,0,0,0,0,0,0,0,0,0,0,0,0,0,0,0,0,0,0,0,0,1,0,0,0,1,2,0,3,0,3,No dogs,2,1,,,1,0,,1,2,,2,1,0,,,,,,,,,,,,,,,,,,,,,,,,,,,,,,,,,,,,,,,,,,,,,8:53:26 AM,3184,3172,25,0,0
sellwood,18,9/28/2024,8:56:06 AM,3344,1,0,0,0,0,0,0,0,0,0,0,0,1,0,0,0,0,0,0,0,0,0,0,0,0,0,0,0,1,0,0,0,1,0,0,0,0,0,0,0,0,0,No users,,,,,,,,,,,,,,,,,,,,,,,,,,,,,,,,,,,,,,,,,,,,,,,,,,,,,,,,,,8:57:26 AM,3424,3384,80,0,0
sellwood,19,9/28/2024,9:02:38 AM,3736,0,0,0,0,0,0,0,0,0,0,0,0,1,0,0,0,0,0,0,0,0,0,0,0,0,0,0,0,1,0,0,0,1,0,0,0,0,0,0,0,0,0,No users,,,,,,,,,,,,,,,,,,,,,,,,,,,,,,,,,,,,,,,,,,,,,,,,,,,,,,,,,,9:04:06 AM,3824,3780,88,0,0
sellwood,20,9/28/2024,9:05:29 AM,3907,0,0,0,0,0,0,0,0,0,0,0,0,0,0,0,0,0,0,0,0,0,0,0,0,0,0,0,0,0,0,0,0,0,0,0,0,1,1,1,4,1,5,Dogs,1,2,,,2,0,,2,3,,3,1,0,,1,1,0,,0,0,1,,0,,,,,,,,,,,,,,,,,,,,,,,,,,,,,,,,,,,9:05:47 AM,3925,3916,18,0,0
sellwood,21,9/28/2024,9:07:24 AM,4022,0,0,0,0,0,0,0,0,0,0,0,0,1,0,0,0,0,0,0,0,0,0,0,0,0,0,0,0,1,0,0,0,1,0,0,0,1,2,0,3,0,4,No dogs,2,2,,,2,0,,2,1,,2,-1,0,,,,,,,,,,,,,,,,,,,,,,,,,,,,,,,,,,,,,,,,,,,,,9:07:43 AM,4041,4032,19,0,0
sellwood,22,9/28/2024,9:08:51 AM,4109,1,0,1,0,0,0,0,0,0,0,0,0,1,0,0,0,0,0,0,0,0,0,0,0,0,0,0,0,1,0,0,0,1,0,1,0,0,0,0,0,0,0,No users,,,,,,,,,,,,,,,,,,,,,,,,,,,,,,,,,,,,,,,,,,,,,,,,,,,,,,,,,,9:11:00 AM,4238,4174,129,0,0
sellwood,23,9/28/2024,9:12:39 AM,4337,1,0,0,0,0,0,0,0,0,0,0,0,0,0,0,0,0,0,0,0,0,0,0,0,0,0,0,0,0,0,0,0,1,0,0,0,1,1,0,1,0,2,No dogs,1,2,0,,2,-2,0,0,,,0,0,,,,0,0,,0,0,1,,0,,,,,,,,,,,,,,,,,,,,,,,,,,,,,,,,,,,9:13:01 AM,4359,4348,22,0,0
sellwood,24,9/28/2024,9:16:20 AM,4558,0,0,0,0,0,0,0,0,0,0,0,0,0,0,0,0,0,0,0,0,0,0,0,0,0,0,0,0,0,0,0,0,0,0,0,0,1,1,1,2,2,4,Dogs,1,2,,,2,0,,,,,,,,,1,0,1,,1,0,1,,0,,,,,,,,,,,,,,,,,,,,,,,,,,,,,,,,,,,9:16:43 AM,4581,4570,23,0,0
sellwood,25,9/28/2024,9:17:14 AM,4612,1,0,0,0,0,0,0,0,0,0,0,0,0,0,0,0,0,0,0,0,0,0,0,0,0,0,0,0,0,0,0,0,1,0,0,0,1,1,2,1,2,3,Dogs,1,1,,,1,0,,0,,,0,0,,,2,0,1,,1,0,0,1,1,,,,,,,,,,,,,,,,,,,,,,,,,,,,,,,,,,,9:17:42 AM,4640,4626,28,0,0
sellwood,26,9/28/2024,9:19:00 AM,4718,0,0,0,0,1,0,0,0,0,0,0,0,1,0,0,0,0,0,0,0,0,0,0,0,0,0,0,0,1,0,0,0,1,0,0,0,0,0,0,0,0,0,No users,,,,,,,,,,,,,,,,,,,,,,,,,,,,,,,,,,,,,,,,,,,,,,,,,,,,,,,,,,9:20:28 AM,4806,4762,88,0,0
smith bybee,1,9/29/2024,8:01:15 AM,0,1,0,0,0,1,0,0,0,0,0,0,0,1,0,0,0,0,0,0,0,0,0,0,0,0,0,0,0,1,0,0,0,1,0,0,0,0,0,0,0,0,0,No users,,,,,,,,,,,,,,,,,,,,,,,,,,,,,,,,,,,,,,,,,,,,,,,,,,,,,,,,,,8:03:23 AM,128,64,128,0,0
smith bybee,2,9/29/2024,8:15:35 AM,860,1,0,1,0,0,0,0,0,0,0,0,0,0,0,0,0,1,0,0,0,0,0,0,0,0,0,0,0,1,0,0,0,1,0,1,0,0,0,0,0,0,0,No users,,,,,,,,,,,,,,,,,,,,,,,,,,,,,,,,,,,,,,,,,,,,,,,,,,,,,,,,,,8:17:26 AM,971,916,111,1,0
smith bybee,3,9/29/2024,8:25:46 AM,1471,0,0,1,0,0,0,0,0,0,0,0,0,1,0,0,0,1,0,0,0,0,0,0,0,0,0,0,0,1,0,0,0,1,0,1,0,0,0,0,0,0,0,No users,,,,,,,,,,,,,,,,,,,,,,,,,,,,,,,,,,,,,,,,,,,,,,,,,,,,,,,,,,8:27:47 AM,1592,1532,121,0,0
smith bybee,4,9/29/2024,8:30:03 AM,1728,1,0,0,0,0,0,0,0,0,0,0,0,1,0,0,0,1,0,0,0,0,0,0,0,0,0,0,0,1,0,0,0,1,0,0,0,0,0,0,0,0,0,No users,,,,,,,,,,,,,,,,,,,,,,,,,,,,,,,,,,,,,,,,,,,,,,,,,,,,,,,,,,8:31:34 AM,1819,1774,91,0,0
smith bybee,5,9/29/2024,8:35:28 AM,2053,0,0,0,0,0,0,0,0,0,0,0,0,1,0,0,0,1,0,0,0,0,0,0,0,0,0,0,0,1,0,0,0,1,0,0,0,0,0,0,0,0,0,No users,,,,,,,,,,,,,,,,,,,,,,,,,,,,,,,,,,,,,,,,,,,,,,,,,,,,,,,,,,8:37:15 AM,2160,2107,107,0,0
smith bybee,6,9/29/2024,8:40:01 AM,2326,0,0,1,0,1,0,0,0,0,0,0,0,1,0,0,0,1,0,0,0,0,0,0,0,0,0,0,0,1,0,0,0,1,0,1,0,0,0,0,0,0,0,No users,,,,,,,,,,,,,,,,,,,,,,,,,,,,,,,,,,,,,,,,,,,,,,,,,,,,,,,,,,8:41:16 AM,2401,2364,75,0,0
smith bybee,7,9/29/2024,8:45:03 AM,2628,0,0,1,0,0,0,0,0,0,0,0,0,1,0,0,0,1,0,0,0,0,0,0,0,0,0,0,0,1,0,0,0,1,0,1,0,0,0,0,0,0,0,No users,,,,,,,,,,,,,,,,,,,,,,,,,,,,,,,,,,,,,,,,,,,,,,,,,,,,,,,,,,8:46:30 AM,2715,2672,87,0,0
smith bybee,8,9/29/2024,8:50:15 AM,2940,0,0,1,0,0,0,0,0,0,0,0,0,1,0,0,0,0,0,0,0,0,0,0,0,0,0,0,0,1,0,0,0,1,0,1,0,0,0,0,0,0,0,No users,,,,,,,,,,,,,,,,,,,,,,,,,,,,,,,,,,,,,,,,,,,,,,,,,,,,,,,,,,8:51:23 AM,3008,2974,68,0,0
smith bybee,9,9/29/2024,8:55:01 AM,3226,0,0,1,0,1,0,0,0,0,0,0,0,1,0,0,0,0,0,0,0,0,0,0,0,0,0,0,0,1,0,0,0,1,0,1,0,0,0,0,0,0,0,No users,,,,,,,,,,,,,,,,,,,,,,,,,,,,,,,,,,,,,,,,,,,,,,,,,,,,,,,,,,8:56:18 AM,3303,3265,77,0,0
smith bybee,10,9/29/2024,9:00:08 AM,3533,1,0,1,0,0,0,0,0,0,0,0,0,1,0,0,0,0,0,0,0,0,0,0,0,0,0,0,0,1,0,0,0,1,0,1,0,0,0,0,0,0,0,No users,,,,,,,,,,,,,,,,,,,,,,,,,,,,,,,,,,,,,,,,,,,,,,,,,,,,,,,,,,9:01:35 AM,3620,3577,87,0,0
smith bybee,11,9/29/2024,9:05:09 AM,3834,0,0,0,0,0,0,0,0,0,0,0,0,1,0,0,0,0,0,0,0,0,0,0,0,0,0,0,0,1,0,0,0,1,0,0,0,0,0,0,0,0,0,No users,,,,,,,,,,,,,,,,,,,,,,,,,,,,,,,,,,,,,,,,,,,,,,,,,,,,,,,,,,9:06:39 AM,3924,3879,90,0,0
smith bybee,12,9/29/2024,9:10:03 AM,4128,0,0,0,0,0,0,0,0,0,0,0,0,1,0,0,0,0,0,0,0,0,0,0,0,0,0,0,0,1,0,0,0,1,0,0,0,0,0,0,0,0,0,No users,,,,,,,,,,,,,,,,,,,,,,,,,,,,,,,,,,,,,,,,,,,,,,,,,,,,,,,,,,9:11:28 AM,4213,4171,85,0,0
smith bybee,13,9/29/2024,9:15:02 AM,4427,0,0,1,0,0,0,0,0,0,0,0,0,0,0,0,0,0,0,0,0,0,0,0,0,0,0,0,0,0,0,0,0,0,0,1,0,0,0,0,0,0,0,No users,,,,,,,,,,,,,,,,,,,,,,,,,,,,,,,,,,,,,,,,,,,,,,,,,,,,,,,,,,9:16:27 AM,4512,4470,85,0,0
smith bybee,14,9/29/2024,9:20:02 AM,4727,1,0,0,0,0,0,0,0,0,0,0,0,1,0,0,0,0,0,0,0,0,0,0,0,0,0,0,0,1,0,0,0,1,0,0,0,0,0,0,0,0,0,No users,,,,,,,,,,,,,,,,,,,,,,,,,,,,,,,,,,,,,,,,,,,,,,,,,,,,,,,,,,9:21:43 AM,4828,4778,101,0,0
smith bybee,15,9/29/2024,9:25:05 AM,5030,1,0,1,0,0,0,0,0,0,0,0,0,1,0,0,0,0,0,0,0,0,0,0,0,0,0,0,0,1,0,0,0,1,0,1,0,0,0,0,0,0,0,No users,,,,,,,,,,,,,,,,,,,,,,,,,,,,,,,,,,,,,,,,,,,,,,,,,,,,,,,,,,9:26:32 AM,5117,5074,87,0,0
smith bybee,16,9/29/2024,9:30:03 AM,5328,0,0,0,0,0,0,0,0,0,0,0,0,1,0,0,0,0,0,0,0,0,0,0,0,0,0,0,0,1,0,0,0,1,0,0,0,0,0,0,0,0,0,No users,,,,,,,,,,,,,,,,,,,,,,,,,,,,,,,,,,,,,,,,,,,,,,,,,,,,,,,,,,9:31:30 AM,5415,5372,87,0,0
smith bybee,17,9/29/2024,9:35:02 AM,5627,1,0,0,0,0,0,0,0,0,0,0,0,1,0,0,0,0,0,0,0,0,0,0,0,0,0,0,0,1,0,0,0,1,0,0,0,0,0,0,0,0,0,No users,,,,,,,,,,,,,,,,,,,,,,,,,,,,,,,,,,,,,,,,,,,,,,,,,,,,,,,,,,9:36:17 AM,5702,5665,75,0,0
smith bybee,18,9/29/2024,9:40:05 AM,5930,1,0,0,0,0,0,0,0,0,0,0,0,1,0,0,0,0,0,0,0,0,0,0,0,0,0,0,0,1,0,0,0,1,0,0,0,0,0,0,0,0,0,No users,,,,,,,,,,,,,,,,,,,,,,,,,,,,,,,,,,,,,,,,,,,,,,,,,,,,,,,,,,9:41:25 AM,6010,5970,80,0,0
smith bybee,19,9/29/2024,9:45:10 AM,6235,0,0,0,0,0,0,0,0,0,0,0,0,1,0,0,0,1,0,0,0,0,0,0,0,0,0,0,0,1,0,0,0,1,0,0,0,0,0,0,0,0,0,No users,,,,,,,,,,,,,,,,,,,,,,,,,,,,,,,,,,,,,,,,,,,,,,,,,,,,,,,,,,9:46:30 AM,6315,6275,80,0,0
smith bybee,20,9/29/2024,9:50:01 AM,6526,0,0,0,0,0,0,0,0,0,0,0,0,1,0,0,0,1,0,0,0,0,0,0,0,0,0,0,0,1,0,0,0,1,0,0,0,0,0,0,0,0,0,No users,,,,,,,,,,,,,,,,,,,,,,,,,,,,,,,,,,,,,,,,,,,,,,,,,,,,,,,,,,9:50:33 AM,6558,6542,32,0,0
smith bybee,21,9/29/2024,9:50:55 AM,6580,0,0,0,0,0,0,0,0,0,0,0,0,1,0,0,0,1,0,0,0,0,0,0,0,0,0,0,0,1,0,0,0,1,0,0,0,1,2,0,1,0,1,No dogs,2,2,,,2,0,,0,,,0,0,,,,,,,,,,,,,,,,,,,,,,,,,,,,,,,,,,,,,,,,,,,,,,9:51:15 AM,6600,6590,20,0,0
smith bybee,22,9/29/2024,9:55:04 AM,6829,0,0,0,0,0,0,0,0,0,0,0,0,1,0,0,0,0,0,0,0,0,0,0,0,0,0,0,0,1,0,0,0,1,0,0,0,0,0,0,0,0,0,No users,,,,,,,,,,,,,,,,,,,,,,,,,,,,,,,,,,,,,,,,,,,,,,,,,,,,,,,,,,9:56:19 AM,6904,6867,75,0,0
smith bybee,23,9/29/2024,10:00:01 AM,7126,0,0,0,0,0,0,0,0,0,0,0,0,1,0,0,0,0,0,0,0,0,0,0,0,0,0,0,0,1,0,0,0,1,0,0,0,0,0,0,0,0,0,No users,,,,,,,,,,,,,,,,,,,,,,,,,,,,,,,,,,,,,,,,,,,,,,,,,,,,,,,,,,10:01:10 AM,7195,7161,69,0,0
oaks,24,9/30/2024,8:00:01 AM,0,1,0,1,0,1,0,0,0,0,0,0,0,1,0,0,0,0,0,0,0,0,0,0,0,0,0,0,0,1,0,0,0,1,0,1,0,0,0,0,0,0,0,No users,,,,,,,,,,,,,,,,,,,,,,,,,,,,,,,,,,,,,,,,,,,,,,,,,,,,,,,,,,8:01:28 AM,87,44,87,0,0
oaks,25,9/30/2024,8:05:04 AM,303,1,0,0,0,1,0,0,0,0,0,0,0,1,0,0,0,0,0,0,0,0,0,0,0,0,0,0,0,1,0,0,0,1,0,0,0,0,0,0,0,0,0,No users,,,,,,,,,,,,,,,,,,,,,,,,,,,,,,,,,,,,,,,,,,,,,,,,,,,,,,,,,,8:06:32 AM,391,347,88,0,0
oaks,26,9/30/2024,8:10:07 AM,606,0,0,1,0,1,0,0,0,0,0,0,0,1,0,0,0,0,0,0,0,0,0,0,0,0,0,0,0,1,0,0,0,1,0,1,0,0,0,0,0,0,0,No users,,,,,,,,,,,,,,,,,,,,,,,,,,,,,,,,,,,,,,,,,,,,,,,,,,,,,,,,,,8:11:23 AM,682,644,76,0,0
oaks,27,9/30/2024,8:15:05 AM,904,0,0,0,0,1,0,0,0,0,0,0,0,1,0,0,0,0,0,0,0,0,0,0,0,0,0,0,0,1,0,0,0,1,0,0,0,0,0,0,0,0,0,No users,,,,,,,,,,,,,,,,,,,,,,,,,,,,,,,,,,,,,,,,,,,,,,,,,,,,,,,,,,8:16:26 AM,985,945,81,0,0
oaks,28,9/30/2024,8:19:18 AM,1157,0,0,0,0,0,0,0,0,0,0,0,0,1,0,0,0,0,0,0,0,0,0,0,0,0,0,0,0,1,0,0,0,1,0,0,0,1,1,1,2,1,3,Dogs,1,2,,,2,0,,1,0,,1,-1,0,,1,1,0,,0,0,1,,0,,,,,,,,,,,,,,,,,,,,,,,,,,,,,,,,,,,8:19:42 AM,1181,1169,24,0,0
oaks,29,9/30/2024,8:21:53 AM,1312,0,0,0,0,0,0,0,0,0,0,0,0,1,0,0,0,0,0,0,0,0,0,1,0,0,0,0,0,1,0,1,0,1,0,1,0,0,0,0,0,0,0,No users,,,,,,,,,,,,,,,,,,,,,,,,,,,,,,,,,,,,,,,,,,,,,,,,,,,,,,,,,,8:23:13 AM,1392,1352,80,0,0
oaks,30,9/30/2024,8:24:50 AM,1549,0,0,0,0,0,0,0,0,0,0,0,0,1,0,0,0,0,0,0,0,0,0,0,0,0,0,0,0,1,0,0,0,1,0,0,0,1,2,1,1,1,2,Dogs,2,2,,,2,0,,0,,,0,0,,,1,1,0,,0,0,1,,0,,,,,,,,,,,,,,,,,,,,,,,,,,,,,,,,,,,8:25:18 AM,1577,1563,28,0,0
oaks,31,9/30/2024,8:26:23 AM,1582,1,0,0,0,0,0,0,0,0,0,0,0,1,0,0,0,0,0,0,0,0,0,0,0,0,0,0,0,1,0,0,0,1,0,0,0,0,0,0,0,0,0,No users,,,,,,,,,,,,,,,,,,,,,,,,,,,,,,,,,,,,,,,,,,,,,,,,,,,,,,,,,,8:27:44 AM,1663,1623,81,0,0
oaks,32,9/30/2024,8:30:01 AM,1800,1,0,0,0,1,0,1,0,0,0,0,0,1,0,0,0,0,0,0,0,0,0,0,0,0,0,0,0,1,0,1,0,1,0,1,0,0,0,0,0,0,0,No users,,,,,,,,,,,,,,,,,,,,,,,,,,,,,,,,,,,,,,,,,,,,,,,,,,,,,,,,,,8:31:17 AM,1876,1838,76,0,0
oaks,33,9/30/2024,8:35:02 AM,2101,1,0,0,0,1,0,0,0,0,0,0,0,1,0,0,0,0,0,0,0,0,0,1,0,0,0,0,0,1,0,1,0,1,0,1,0,0,0,0,0,0,0,No users,,,,,,,,,,,,,,,,,,,,,,,,,,,,,,,,,,,,,,,,,,,,,,,,,,,,,,,,,,8:36:29 AM,2188,2145,87,0,0
oaks,34,9/30/2024,8:40:04 AM,2403,1,0,0,0,1,0,0,0,0,0,0,0,1,0,0,0,1,0,0,0,0,0,1,0,0,0,0,0,1,0,1,0,1,0,1,0,0,0,0,0,0,0,No users,,,,,,,,,,,,,,,,,,,,,,,,,,,,,,,,,,,,,,,,,,,,,,,,,,,,,,,,,,8:41:29 AM,2488,2446,85,0,0
oaks,35,9/30/2024,8:45:07 AM,2706,1,0,0,0,1,0,0,0,0,0,0,0,1,0,0,0,0,0,0,0,0,0,0,0,0,0,0,0,1,0,0,0,1,0,0,0,0,0,0,0,0,0,No users,,,,,,,,,,,,,,,,,,,,,,,,,,,,,,,,,,,,,,,,,,,,,,,,,,,,,,,,,,8:46:35 AM,2794,2750,88,0,0
oaks,36,9/30/2024,8:48:16 AM,2895,0,0,1,0,1,0,0,0,0,0,0,0,1,0,0,0,0,0,0,0,0,0,0,0,0,0,0,0,1,0,0,0,1,0,1,0,1,3,1,1,1,2,Dogs,3,2,,,2,0,,0,,,0,0,,,1,1,0,,0,0,1,,0,,,,,,,,,,,,,,,,,,,,,,,,,,,,,,,,,,,8:48:44 AM,2923,2909,28,0,0
oaks,37,9/30/2024,8:50:01 AM,3000,0,0,1,0,0,0,0,0,1,0,0,0,1,0,0,0,0,0,0,0,0,0,0,0,0,0,0,0,1,0,0,0,1,0,1,0,0,0,0,0,0,0,No users,,,,,,,,,,,,,,,,,,,,,,,,,,,,,,,,,,,,,,,,,,,,,,,,,,,,,,,,,,8:51:15 AM,3074,3037,74,0,0
oaks,38,9/30/2024,8:55:30 AM,3329,0,0,0,0,0,0,0,0,0,0,0,0,0,0,0,0,0,0,0,0,0,0,0,0,0,0,0,0,0,0,0,0,0,0,0,0,1,1,0,1,0,1,No dogs,1,2,,,2,0,,0,,,0,0,,,,,,,,,,,,,,,,,,,,,,,,,,,,,,,,,,,,,,,,,,,,,,8:55:50 AM,3349,3339,20,0,0
oaks,39,9/30/2024,8:57:09 AM,3428,1,0,0,0,0,0,0,0,0,0,0,0,1,0,0,0,1,0,0,0,0,0,0,0,0,0,0,0,1,0,0,0,1,0,0,0,0,0,0,0,0,0,No users,,,,,,,,,,,,,,,,,,,,,,,,,,,,,,,,,,,,,,,,,,,,,,,,,,,,,,,,,,8:58:28 AM,3507,3468,79,0,0
oaks,40,9/30/2024,9:00:02 AM,3601,1,0,0,0,1,0,1,0,0,0,0,0,0,0,0,0,0,0,0,0,0,0,1,0,0,0,0,0,1,0,1,0,1,0,1,0,0,0,0,0,0,0,No users,,,,,,,,,,,,,,,,,,,,,,,,,,,,,,,,,,,,,,,,,,,,,,,,,,,,,,,,,,9:01:21 AM,3680,3641,79,0,0
oaks,41,9/30/2024,9:06:02 AM,3961,0,0,1,0,0,0,0,0,1,0,0,0,0,0,0,0,0,0,0,0,0,0,1,0,0,0,0,0,1,0,1,0,1,0,1,0,1,1,0,3,0,3,No dogs,1,1,0,,1,-1,,2,0,,2,-2,0,,,,,,,,,,,,,,,,,,,,,,,,,,,,,,,,,,,,,,,,,,,,,9:06:39 AM,3998,3980,37,0,0
oaks,42,9/30/2024,9:08:44 AM,4123,1,0,0,0,0,0,0,0,1,0,0,0,1,0,0,0,0,0,0,0,0,0,1,0,0,0,0,0,1,0,1,0,1,0,1,0,1,1,0,1,0,1,No dogs,1,3,,,3,0,,0,,,0,0,,,,,,,,,,,,,,,,,,,,,,,,,,,,,,,,,,,,,,,,,,,,,,9:08:53 AM,4132,4128,9,0,0
oaks,43,9/30/2024,9:10:03 AM,4202,0,0,0,0,0,0,0,0,1,0,0,0,1,0,0,0,0,0,0,0,0,0,0,0,0,0,0,0,1,0,0,0,1,0,0,0,0,0,0,0,0,0,No users,,,,,,,,,,,,,,,,,,,,,,,,,,,,,,,,,,,,,,,,,,,,,,,,,,,,,,,,,,9:11:14 AM,4273,4238,71,0,0
oaks,44,9/30/2024,9:16:19 AM,4578,0,0,0,0,0,0,0,0,0,0,0,0,1,0,0,0,0,0,0,0,0,0,0,0,0,0,0,0,1,0,0,0,1,0,0,0,0,0,0,0,0,0,No users,,,,,,,,,,,,,,,,,,,,,,,,,,,,,,,,,,,,,,,,,,,,,,,,,,,,,,,,,,9:17:23 AM,4642,4610,64,0,0
oaks,45,9/30/2024,9:20:04 AM,4803,1,0,0,0,0,0,0,0,1,0,0,0,1,0,0,0,0,0,0,0,0,0,0,0,0,0,0,0,1,0,0,0,1,0,0,0,0,0,0,0,0,0,No users,,,,,,,,,,,,,,,,,,,,,,,,,,,,,,,,,,,,,,,,,,,,,,,,,,,,,,,,,,9:21:18 AM,4877,4840,74,0,0
oaks,46,9/30/2024,9:23:36 AM,5015,0,1,0,0,0,0,0,0,0,1,0,0,0,0,0,0,0,0,0,0,0,0,0,0,0,0,0,0,0,1,0,0,0,1,0,0,1,1,1,1,1,2,Dogs,1,3,,,3,0,,0,,,0,0,,,1,1,0,,0,0,1,,0,,,,,,,,,,,,,,,,,,,,,,,,,,,,,,,,,,,9:23:48 AM,5027,5021,12,0,0
oaks,47,9/30/2024,9:25:04 AM,5103,0,0,0,0,0,0,0,0,0,0,0,0,0,0,0,0,0,0,0,0,0,0,0,0,0,0,0,0,0,0,0,0,0,0,0,0,0,0,0,0,0,0,No users,,,,,,,,,,,,,,,,,,,,,,,,,,,,,,,,,,,,,,,,,,,,,,,,,,,,,,,,,,9:26:12 AM,5171,5137,68,0,0
oaks,48,9/30/2024,9:26:39 AM,5198,0,0,0,0,0,0,0,0,0,0,0,0,0,0,0,0,0,0,0,0,0,0,0,0,0,0,0,0,0,0,0,0,0,0,0,0,1,1,0,2,0,2,No dogs,1,2,,,2,0,,1,,,1,0,,,,,,,,,,,,,,,,,,,,,,,,,,,,,,,,,,,,,,,,,,,,,,9:27:10 AM,5229,5214,31,0,0
oaks,49,9/30/2024,9:29:54 AM,5393,1,0,0,0,0,0,0,0,0,0,0,0,1,0,0,0,0,0,0,0,0,0,0,0,0,0,0,0,1,0,0,0,1,0,0,0,0,0,0,0,0,0,No users,,,,,,,,,,,,,,,,,,,,,,,,,,,,,,,,,,,,,,,,,,,,,,,,,,,,,,,,,,9:30:54 AM,5453,5423,60,0,0
oaks,50,9/30/2024,9:31:32 AM,5491,0,0,0,0,0,0,0,0,0,0,0,0,0,1,0,0,0,0,0,0,0,0,0,0,0,0,0,0,0,1,0,0,0,1,0,0,1,3,0,4,0,4,No dogs,3,2,,,2,0,,3,,,3,0,,,,,,,,,,,,,,,,,,,,,,,,,,,,,,,,,,,,,,,,,,,,,,9:32:05 AM,5524,5508,33,0,0
oaks,51,9/30/2024,9:35:48 AM,5747,1,0,0,0,0,0,0,0,0,0,0,0,1,0,0,0,0,0,0,0,0,0,0,0,0,0,0,0,1,0,0,0,1,0,0,0,1,1,0,3,0,3,No dogs,1,3,,,3,0,,2,,,2,0,,,,,,,,,,,,,,,,,,,,,,,,,,,,,,,,,,,,,,,,,,,,,,9:36:03 AM,5762,5755,15,0,0
oaks,52,9/30/2024,9:37:07 AM,5826,1,0,1,0,1,0,0,0,0,0,0,0,1,0,0,0,0,0,0,0,0,0,0,0,0,0,0,0,1,0,0,0,1,0,1,0,0,0,0,0,0,0,No users,,,,,,,,,,,,,,,,,,,,,,,,,,,,,,,,,,,,,,,,,,,,,,,,,,,,,,,,,,9:38:24 AM,5903,5865,77,0,0
oaks,53,9/30/2024,9:40:02 AM,6001,1,0,1,0,1,0,0,0,0,0,0,0,1,0,0,0,0,0,0,0,0,0,0,0,0,0,0,0,1,0,0,0,1,0,1,0,0,0,0,0,0,0,No users,,,,,,,,,,,,,,,,,,,,,,,,,,,,,,,,,,,,,,,,,,,,,,,,,,,,,,,,,,9:41:19 AM,6078,6040,77,0,0
oaks,54,9/30/2024,9:41:51 AM,6110,1,0,0,0,1,0,0,0,0,0,0,0,0,0,0,0,1,0,0,0,0,0,0,0,0,0,0,0,1,0,0,0,1,0,0,0,1,1,0,1,0,1,No dogs,1,2,,,2,0,,0,,,0,0,,,,,,,,,,,,,,,,,,,,,,,,,,,,,,,,,,,,,,,,,,,,,,9:42:18 AM,6137,6124,27,0,0
oaks,55,9/30/2024,9:44:23 AM,6262,1,0,0,0,1,0,0,0,0,0,0,0,1,0,0,0,0,0,0,0,1,0,1,0,0,0,0,0,1,0,1,0,1,0,1,0,1,1,0,1,0,1,No dogs,1,0,1,,1,1,0,0,,,0,0,,binoculars,,,,,,,,,,,,,,,,,,,,,,,,,,,,,,,,,,,,,,,,,,,,9:45:13 AM,6312,6287,50,0,0
oaks,56,9/30/2024,9:45:49 AM,6288,1,0,1,0,0,0,0,0,0,0,0,0,0,0,0,0,0,0,0,0,0,0,0,0,0,0,0,0,0,0,0,0,1,0,1,0,1,1,0,1,0,1,No dogs,1,2,,,2,0,,0,,,0,0,,,,,,,,,,,,,,,,,,,,,,,,,,,,,,,,,,,,,,,,,,,,,,9:46:15 AM,6313,6301,25,0,0
oaks,57,9/30/2024,9:47:22 AM,6441,1,0,1,0,0,0,0,0,0,0,1,0,1,0,0,0,0,0,0,0,0,0,0,0,0,0,0,0,1,0,1,0,1,0,1,0,0,0,0,0,0,0,No users,,,,,,,,,,,,,,,,,,,,,,,,,,,,,,,,,,,,,,,,,,,,,,,,,,,,,,,,,,9:48:36 AM,6515,6478,74,0,0
oaks,58,9/30/2024,9:51:13 AM,6672,1,0,0,1,0,0,0,0,0,0,0,0,0,0,0,0,0,0,0,0,0,0,0,0,0,0,0,0,0,0,0,0,1,0,0,1,1,1,0,2,0,2,No dogs,1,2,,,2,0,,1,0,,1,-1,0,,,,,,,,,,,,,,,,,,,,,,,,,,,,,,,,,,,,,,,,,,,,,9:51:39 AM,6698,6685,26,0,0
oaks,59,9/30/2024,9:55:04 AM,6903,1,0,0,0,1,0,0,0,0,0,0,0,0,0,0,0,0,0,0,0,0,0,0,0,0,0,0,0,1,0,0,0,1,0,0,0,0,0,0,0,0,0,No users,,,,,,,,,,,,,,,,,,,,,,,,,,,,,,,,,,,,,,,,,,,,,,,,,,,,,,,,,,9:56:35 AM,6994,6949,91,0,0
oaks,60,9/30/2024,10:00:41 AM,7240,1,0,0,0,0,0,0,0,0,0,0,0,0,0,0,0,0,0,0,0,0,0,0,0,0,0,0,0,0,0,0,0,1,0,0,0,2,3,0,1,0,1,No dogs,1,2,,,2,0,,0,,,0,0,,,,,,,,,,,,2,2,,2,0,0,,0,0,,,,,,,,,,,,,,,,,,,,,,,,,,10:01:51 AM,7310,7275,70,0,0
oaks,61,9/30/2024,10:02:53 AM,7372,1,0,0,0,1,0,0,0,0,0,0,0,0,0,0,0,1,0,0,0,0,0,0,0,0,0,0,0,1,0,0,0,1,0,0,0,1,1,1,2,1,3,Dogs,1,2,,,2,0,,1,0,,1,-1,0,,1,1,0,,0,0,1,,0,,,,,,,,,,,,,,,,,,,,,,,,,,,,,,,,,,,10:03:19 AM,7398,7385,26,0,0
oaks,62,9/30/2024,10:04:15 AM,7454,1,0,0,0,1,0,0,0,0,0,0,0,1,0,0,0,1,0,0,0,0,0,0,0,0,0,0,0,1,0,0,0,1,0,0,0,0,0,0,0,0,0,No users,,,,,,,,,,,,,,,,,,,,,,,,,,,,,,,,,,,,,,,,,,,,,,,,,,,,,,,,,,10:05:29 AM,7528,7491,74,0,0
smith bybee,29,10/5/2024,8:25:05 AM,0,0,0,0,0,0,0,0,0,0,0,0,0,1,0,0,0,0,0,0,0,0,0,0,0,0,0,0,0,1,0,0,0,1,0,0,0,0,0,0,0,0,0,No users,,,,,,,,,,,,,,,,,,,,,,,,,,,,,,,,,,,,,,,,,,,,,,,,,,,,,,,,,,8:26:27 AM,82,41,82,0,0
smith bybee,31,10/5/2024,8:35:02 AM,597,0,0,1,0,0,0,0,0,0,0,0,0,1,0,0,0,0,0,0,0,0,0,0,0,0,0,1,0,1,0,1,0,1,0,1,0,0,0,0,0,0,0,No users,,,,,,,,,,,,,,,,,,,,,,,,,,,,,,,,,,,,,,,,,,,,,,,,,,,,,,,,,,8:36:29 AM,684,641,87,0,0
smith bybee,32,10/5/2024,8:40:14 AM,909,0,0,0,0,0,0,0,0,0,0,0,0,1,0,0,0,0,0,0,0,0,0,0,0,0,0,1,0,1,0,1,0,1,0,1,0,0,0,0,0,0,0,No users,,,,,,,,,,,,,,,,,,,,,,,,,,,,,,,,,,,,,,,,,,,,,,,,,,,,,,,,,,8:41:49 AM,1004,957,95,0,0
smith bybee,33,10/5/2024,8:43:29 AM,1104,0,0,0,0,0,0,0,0,0,0,0,0,1,0,0,0,0,0,0,0,0,0,0,0,1,0,0,1,1,0,0,1,1,0,0,1,1,2,0,3,0,3,No dogs,2,1,,,1,0,,1,2,,2,1,0,,,,,,,,,,,,,,,,,,,,,,,,,,,,,,,,,,,,,,,,,,,,,8:44:05 AM,1140,1122,36,0,0
smith bybee,34,10/5/2024,8:45:03 AM,1198,0,0,0,0,0,0,0,0,0,0,0,0,1,0,0,0,0,0,0,0,0,0,0,0,0,0,0,0,1,0,0,0,1,0,0,0,0,0,0,0,0,0,No users,,,,,,,,,,,,,,,,,,,,,,,,,,,,,,,,,,,,,,,,,,,,,,,,,,,,,,,,,,8:46:13 AM,1268,1233,70,0,0
smith bybee,35,10/5/2024,8:50:01 AM,1496,1,0,0,0,0,0,0,0,0,0,0,0,1,0,0,0,0,0,0,0,0,0,0,0,0,0,0,0,1,0,0,0,1,0,0,0,0,0,0,0,0,0,No users,,,,,,,,,,,,,,,,,,,,,,,,,,,,,,,,,,,,,,,,,,,,,,,,,,,,,,,,,,8:50:53 AM,1548,1522,52,0,0
smith bybee,36,10/5/2024,8:54:51 AM,1786,1,0,0,0,0,0,0,0,0,0,0,0,1,0,0,0,1,0,0,0,0,0,0,0,1,0,0,0,1,0,0,0,1,0,0,0,0,0,0,0,0,0,No users,,,,,,,,,,,,,,,,,,,,,,,,,,,,,,,,,,,,,,,,,,,,,,,,,,,,,,,,,,8:55:43 AM,1838,1812,52,0,0
smith bybee,37,10/5/2024,9:00:04 AM,2099,1,0,0,0,0,0,0,0,0,0,0,0,1,0,0,0,0,0,0,0,0,0,0,0,0,1,0,1,1,1,0,1,1,1,0,1,0,0,0,0,0,0,No users,,,,,,,,,,,,,,,,,,,,,,,,,,,,,,,,,,,,,,,,,,,,,,,,,,,,,,,,,,9:00:56 AM,2151,2125,52,0,0
smith bybee,38,10/5/2024,9:05:03 AM,2398,0,0,0,0,0,0,0,0,0,0,0,0,1,0,0,0,0,0,0,0,0,0,0,0,0,0,0,0,1,0,0,0,1,0,0,0,0,0,0,0,0,0,No users,,,,,,,,,,,,,,,,,,,,,,,,,,,,,,,,,,,,,,,,,,,,,,,,,,,,,,,,,,9:06:07 AM,2462,2430,64,0,0
smith bybee,39,10/5/2024,9:09:15 AM,2650,1,0,0,0,0,0,0,0,0,0,0,0,0,0,0,0,0,0,0,0,0,0,0,0,0,0,0,0,0,0,0,0,1,0,0,0,1,2,0,1,0,1,No dogs,2,1,0,,1,-1,0,0,,,0,0,,,,,,,,,,,,,,,,,,,,,,,,,,,,,,,,,,,,,,,,,,,,,,9:10:17 AM,2712,2681,62,0,0
smith bybee,40,10/5/2024,9:11:05 AM,2760,1,0,0,0,0,0,0,0,0,0,0,0,0,0,0,0,0,0,0,0,0,0,0,0,0,0,0,0,0,0,0,0,1,0,0,0,0,0,0,0,0,0,No users,,,,,,,,,,,,,,,,,,,,,,,,,,,,,,,,,,,,,,,,,,,,,,,,,,,,,,,,,,9:11:58 AM,2813,2787,53,0,0
smith bybee,41,10/5/2024,9:15:04 AM,2999,0,1,1,0,0,0,0,0,0,0,0,0,1,0,0,0,0,0,0,0,0,0,0,0,1,0,0,0,1,0,0,0,1,1,1,0,0,0,0,0,0,0,No users,,,,,,,,,,,,,,,,,,,,,,,,,,,,,,,,,,,,,,,,,,,,,,,,,,,,,,,,,,9:16:01 AM,3056,3028,57,0,0
smith bybee,42,10/5/2024,9:20:06 AM,3301,0,0,0,0,0,0,0,0,0,0,0,0,0,0,0,0,0,0,0,0,0,0,0,0,0,0,0,0,0,0,0,0,0,0,0,0,0,0,0,0,0,0,No users,,,,,,,,,,,,,,,,,,,,,,,,,,,,,,,,,,,,,,,,,,,,,,,,,,,,,,,,,,9:21:06 AM,3361,3331,60,0,0
smith bybee,43,10/5/2024,9:25:02 AM,3597,0,0,0,0,1,0,0,0,0,0,0,0,0,0,0,0,0,0,0,0,0,0,1,0,1,0,0,0,1,0,1,0,1,0,1,0,0,0,0,0,0,0,No users,,,,,,,,,,,,,,,,,,,,,,,,,,,,,,,,,,,,,,,,,,,,,,,,,,,,,,,,,,9:26:04 AM,3659,3628,62,0,0
smith bybee,44,10/5/2024,9:30:05 AM,3900,0,0,0,0,0,0,0,0,0,0,0,0,0,0,0,0,0,0,0,0,0,0,0,0,0,0,0,0,0,0,0,0,0,0,0,0,0,0,0,0,0,0,No users,,,,,,,,,,,,,,,,,,,,,,,,,,,,,,,,,,,,,,,,,,,,,,,,,,,,,,,,,,9:31:12 AM,3967,3934,67,0,0
smith bybee,45,10/5/2024,9:35:01 AM,4196,0,0,0,0,0,0,0,0,0,0,0,0,0,0,0,0,0,0,0,0,0,0,0,0,0,0,0,0,0,0,0,0,0,0,0,0,0,0,0,0,0,0,No users,,,,,,,,,,,,,,,,,,,,,,,,,,,,,,,,,,,,,,,,,,,,,,,,,,,,,,,,,,9:36:04 AM,4259,4228,63,0,0
smith bybee,46,10/5/2024,9:36:40 AM,4295,0,0,0,0,1,0,0,0,0,0,0,0,0,0,0,0,0,0,0,0,0,0,0,0,0,0,0,0,1,0,0,0,1,0,0,0,1,2,0,2,0,2,No dogs,2,2,,,2,0,,1,,,1,0,,,,,,,,,,,,,,,,,,,,,,,,,,,,,,,,,,,,,,,,,,,,,,9:37:08 AM,4323,4309,28,0,0
smith bybee,47,10/5/2024,9:40:01 AM,4496,0,0,0,0,0,0,0,0,0,0,0,0,0,0,0,0,0,0,0,0,0,0,1,0,0,0,0,0,0,0,1,0,0,0,1,0,0,0,0,0,0,0,No users,,,,,,,,,,,,,,,,,,,,,,,,,,,,,,,,,,,,,,,,,,,,,,,,,,,,,,,,,,9:41:19 AM,4574,4535,78,0,0
smith bybee,48,10/5/2024,9:45:03 AM,4798,0,0,0,0,1,0,0,0,0,0,0,0,0,0,0,0,0,0,0,0,0,0,0,0,0,0,0,0,1,0,0,0,1,0,0,0,0,0,0,0,0,0,No users,,,,,,,,,,,,,,,,,,,,,,,,,,,,,,,,,,,,,,,,,,,,,,,,,,,,,,,,,,9:46:19 AM,4874,4836,76,0,0
smith bybee,49,10/5/2024,9:50:08 AM,5103,0,0,0,0,0,0,0,0,0,0,0,0,0,0,0,0,0,0,0,0,0,0,0,0,0,0,0,0,0,0,0,0,0,0,0,0,0,0,0,0,0,0,No users,,,,,,,,,,,,,,,,,,,,,,,,,,,,,,,,,,,,,,,,,,,,,,,,,,,,,,,,,,9:51:05 AM,5160,5132,57,0,0
smith bybee,50,10/5/2024,9:55:50 AM,5445,0,0,0,0,0,0,1,0,0,0,0,0,1,0,0,0,0,0,0,0,0,0,0,0,0,0,0,0,1,0,1,0,1,0,1,0,1,2,0,1,0,1,No dogs,2,2,,,2,0,,0,,,0,0,,,,,,,,,,,,,,,,,,,,,,,,,,,,,,,,,,,,,,,,,,,,,,9:56:15 AM,5470,5458,25,0,0
smith bybee,51,10/5/2024,10:00:01 AM,5696,1,0,1,0,1,0,0,0,0,0,0,0,1,0,0,0,1,0,0,0,0,0,0,0,0,0,0,0,1,0,0,0,1,0,1,0,0,0,0,0,0,0,No users,,,,,,,,,,,,,,,,,,,,,,,,,,,,,,,,,,,,,,,,,,,,,,,,,,,,,,,,,,10:01:04 AM,5759,5728,63,0,0
sellwood,27,10/7/2024,7:56:47 AM,0,1,0,0,0,0,1,0,0,0,0,0,0,0,0,0,0,0,0,0,0,0,0,0,0,0,0,0,0,0,1,0,0,1,1,0,0,1,1,1,3,2,4,Dogs,1,3,,,3,0,,2,,,2,0,,,1,0,1,,1,0,1,0,-1,,,,,,,,,,,,,,,,,,,,,,,,,,,,,,,,,,,7:57:11 AM,24,12,24,0,0
sellwood,28,10/7/2024,8:00:01 AM,194,1,0,1,0,0,0,0,0,0,0,0,0,0,0,0,0,0,0,0,0,0,0,0,0,0,0,0,0,0,0,0,0,1,0,1,0,0,0,0,0,0,0,No users,,,,,,,,,,,,,,,,,,,,,,,,,,,,,,,,,,,,,,,,,,,,,,,,,,,,,,,,,,8:01:18 AM,271,233,77,0,0
sellwood,29,10/7/2024,8:01:32 AM,285,1,0,1,0,0,0,0,0,0,0,0,0,0,0,0,0,0,0,0,0,0,0,0,0,0,0,0,0,0,0,0,0,1,0,1,0,1,1,2,3,1,4,Dogs,1,2,0,,2,-2,0,2,,,2,0,,,2,0,0,,0,0,1,,0,,,,,,,,,,,,,,,,,,,,,,,,,,,,,,,,,,,8:02:09 AM,322,304,37,0,0
sellwood,30,10/7/2024,8:05:18 AM,511,0,0,0,0,1,0,0,0,0,0,0,0,0,0,0,0,0,0,0,1,0,0,0,0,0,0,0,0,1,0,0,1,1,0,0,1,0,0,0,0,0,0,No users,,,,,,,,,,,,,,,,,,,,,,,,,,,,,,,,,,,,,,,,,,,,,,,,,,,,,,,,,,8:06:20 AM,573,542,62,0,0
sellwood,31,10/7/2024,8:10:01 AM,794,1,0,1,0,0,0,0,0,0,0,0,0,0,0,0,0,0,0,0,0,0,0,0,0,0,0,0,0,0,0,0,0,1,0,1,0,0,0,0,0,0,0,No users,,,,,,,,,,,,,,,,,,,,,,,,,,,,,,,,,,,,,,,,,,,,,,,,,,,,,,,,,,8:11:00 AM,853,824,59,0,0
sellwood,32,10/7/2024,8:12:59 AM,972,0,0,0,1,0,0,0,0,0,1,0,0,0,0,0,0,0,0,0,0,0,0,0,0,0,0,0,0,0,1,0,0,0,1,0,1,1,1,1,3,1,4,Dogs,1,3,,,3,0,,2,0,,2,-2,0,,1,0,0,,0,0,1,,0,,,,,,,,,,,,,,,,,,,,,,,,,,,,,,,,,,,8:13:13 AM,986,979,14,0,0
sellwood,33,10/7/2024,8:15:09 AM,1102,0,0,1,0,0,0,0,0,0,0,0,0,0,0,0,0,1,0,0,0,0,0,0,0,0,0,0,0,1,0,0,0,1,0,1,0,0,0,0,0,0,0,No users,,,,,,,,,,,,,,,,,,,,,,,,,,,,,,,,,,,,,,,,,,,,,,,,,,,,,,,,,,8:16:14 AM,1167,1135,65,0,0
sellwood,34,10/7/2024,8:18:50 AM,1323,1,0,0,0,0,0,0,0,0,0,0,0,0,0,0,0,0,0,0,0,0,0,0,0,0,0,0,0,0,0,0,0,1,0,0,0,1,1,1,2,1,3,Dogs,1,2,,,2,0,,1,,,1,0,,,1,0,0,,0,0,1,,0,,,,,,,,,,,,,,,,,,,,,,,,,,,,,,,,,,,8:19:10 AM,1343,1333,20,0,0
sellwood,35,10/7/2024,8:20:42 AM,1435,1,1,0,0,0,0,0,0,0,0,0,0,0,0,0,0,1,0,0,0,0,0,0,0,0,0,0,0,1,0,0,0,1,1,0,0,1,1,1,3,1,4,Dogs,1,2,,,2,0,,2,0,,2,-2,0,,1,1,0,,0,0,1,,0,,,,,,,,,,,,,,,,,,,,,,,,,,,,,,,,,,,8:21:00 AM,1453,1444,18,0,0
sellwood,36,10/7/2024,8:22:37 AM,1550,0,0,0,0,1,0,0,0,0,0,0,0,0,0,0,0,0,0,0,0,0,0,0,0,0,0,0,0,1,0,0,0,1,0,0,0,0,0,0,0,0,0,No users,,,,,,,,,,,,,,,,,,,,,,,,,,,,,,,,,,,,,,,,,,,,,,,,,,,,,,,,,,8:23:07 AM,1580,1565,30,0,0
sellwood,37,10/7/2024,8:25:02 AM,1695,1,0,0,0,0,1,0,0,0,0,0,0,0,0,0,0,0,0,0,0,0,0,0,0,0,0,0,0,0,1,0,0,1,1,0,0,0,0,0,0,0,0,No users,,,,,,,,,,,,,,,,,,,,,,,,,,,,,,,,,,,,,,,,,,,,,,,,,,,,,,,,,,8:25:55 AM,1748,1722,53,0,0
sellwood,38,10/7/2024,8:26:03 AM,1756,1,0,0,0,0,0,0,0,0,0,0,0,0,0,0,0,0,0,0,0,0,0,0,0,0,0,0,0,0,0,0,0,1,0,0,0,1,1,1,3,1,4,Dogs,1,3,,,3,0,,2,0,,2,-2,0,,1,0,0,,0,0,1,,0,,,,,,,,,,,,,,,,,,,,,,,,,,,,,,,,,,,8:26:14 AM,1767,1762,11,0,0
sellwood,39,10/7/2024,8:30:00 AM,1993,1,0,1,0,0,0,0,0,0,0,0,0,0,0,0,0,0,0,0,0,0,0,0,0,0,0,0,0,0,0,0,0,1,0,1,0,0,0,0,0,0,0,No users,,,,,,,,,,,,,,,,,,,,,,,,,,,,,,,,,,,,,,,,,,,,,,,,,,,,,,,,,,8:31:04 AM,2057,2025,64,0,0
sellwood,40,10/7/2024,8:34:32 AM,2265,0,0,1,0,0,0,0,0,0,0,0,0,0,0,0,0,0,0,0,0,0,0,0,0,0,0,0,0,0,0,0,0,0,0,1,0,1,1,1,1,1,2,Dogs,1,2,,,,,,0,,,0,0,,,1,0,0,,0,0,1,,0,,,,,,,,,,,,,,,,,,,,,,,,,,,,,,,,,,,8:34:53 AM,2286,2276,21,0,0
sellwood,41,10/7/2024,8:35:38 AM,2331,1,0,1,0,1,0,0,0,0,0,0,0,0,0,0,0,0,0,1,0,0,0,0,0,0,0,0,0,1,0,1,0,1,0,1,0,0,0,0,0,0,0,No users,,,,,,,,,,,,,,,,,,,,,,,,,,,,,,,,,,,,,,,,,,,,,,,,,,,,,,,,,,8:36:41 AM,2394,2363,63,0,0
sellwood,42,10/7/2024,8:40:03 AM,2596,1,0,0,0,0,0,0,0,0,0,0,0,0,0,0,0,0,0,1,0,0,0,0,0,0,0,0,0,0,0,1,0,1,0,1,0,0,0,0,0,0,0,No users,,,,,,,,,,,,,,,,,,,,,,,,,,,,,,,,,,,,,,,,,,,,,,,,,,,,,,,,,,8:40:56 AM,2649,2623,53,0,0
sellwood,43,10/7/2024,8:44:58 AM,2891,0,0,1,0,0,0,0,0,0,0,0,0,0,0,0,0,0,0,0,0,0,0,0,0,0,0,0,0,0,0,0,0,0,0,1,0,0,0,0,0,0,0,No users,,,,,,,,,,,,,,,,,,,,,,,,,,,,,,,,,,,,,,,,,,,,,,,,,,,,,,,,,,8:46:01 AM,2954,2923,63,0,0
sellwood,44,10/7/2024,8:47:13 AM,3026,0,0,0,0,0,0,0,0,0,0,0,0,0,0,0,0,0,0,0,0,0,0,0,0,0,0,0,0,0,0,0,0,0,0,0,0,1,1,1,1,1,2,Dogs,1,2,,,2,0,,0,,,0,0,,,1,0,0,,0,0,1,0,-1,,,,,,,,,,,,,,,,,,,,,,,,,,,,,,,,,,,8:47:41 AM,3054,3040,28,0,0
sellwood,45,10/7/2024,8:48:35 AM,3108,0,0,0,0,0,0,0,0,0,0,0,0,0,0,0,0,0,0,0,0,0,0,0,0,0,0,0,0,0,0,0,0,0,0,0,0,1,1,1,3,1,4,Dogs,1,2,,,2,0,,0,2,,2,-2,0,,1,1,0,,0,0,1,,0,,,,,,,,,,,,,,,,,,,,,,,,,,,,,,,,,,,8:49:00 AM,3133,3121,25,0,0
sellwood,46,10/7/2024,8:50:07 AM,3200,0,0,0,0,0,0,0,0,0,0,0,0,0,0,0,0,0,0,0,0,0,0,0,0,0,0,0,0,0,0,0,0,0,0,0,0,0,0,0,0,0,0,No users,,,,,,,,,,,,,,,,,,,,,,,,,,,,,,,,,,,,,,,,,,,,,,,,,,,,,,,,,,8:50:57 AM,3250,3225,50,0,0
sellwood,47,10/7/2024,8:55:17 AM,3510,0,0,0,0,0,0,0,0,0,0,0,0,0,0,0,0,0,0,0,0,0,0,0,0,0,0,0,0,0,0,0,0,0,0,0,0,1,1,2,3,2,4,Dogs,1,2,0,,2,-2,,2,0,1,2,-2,1,,2,0,1,0,1,-1,1,,0,,,,,,,,,,,,,,,,,,,,,,,,,,,,,,,,,,,8:55:50 AM,3543,3527,33,0,0
sellwood,48,10/7/2024,8:56:30 AM,3583,0,0,0,0,0,0,0,0,0,0,0,0,0,0,0,0,0,0,0,0,0,0,0,0,0,0,0,0,0,0,0,0,0,0,0,0,0,0,0,0,0,0,No users,,,,,,,,,,,,,,,,,,,,,,,,,,,,,,,,,,,,,,,,,,,,,,,,,,,,,,,,,,8:57:22 AM,3635,3609,52,0,0
sellwood,49,10/7/2024,8:59:49 AM,3782,1,0,1,0,0,0,0,0,0,0,0,0,0,0,0,0,0,0,0,0,0,0,0,0,0,0,0,0,0,0,0,0,1,0,1,0,0,0,0,0,0,0,No users,,,,,,,,,,,,,,,,,,,,,,,,,,,,,,,,,,,,,,,,,,,,,,,,,,,,,,,,,,9:00:37 AM,3830,3806,48,0,0
sellwood,50,10/7/2024,9:05:07 AM,4100,1,0,0,0,0,0,0,0,0,0,0,0,0,0,0,0,0,0,0,0,0,0,0,0,0,0,0,0,0,0,0,0,1,0,0,0,0,0,0,0,0,0,No users,,,,,,,,,,,,,,,,,,,,,,,,,,,,,,,,,,,,,,,,,,,,,,,,,,,,,,,,,,9:06:01 AM,4154,4127,54,0,0
sellwood,51,10/7/2024,9:10:02 AM,4395,0,0,1,0,0,0,0,0,0,0,0,0,0,0,0,0,0,0,0,0,0,0,0,0,0,0,0,0,0,0,0,0,0,0,1,0,0,0,0,0,0,0,No users,,,,,,,,,,,,,,,,,,,,,,,,,,,,,,,,,,,,,,,,,,,,,,,,,,,,,,,,,,9:11:03 AM,4456,4426,61,0,0
sellwood,52,10/7/2024,9:15:01 AM,4694,0,0,0,0,0,0,0,0,0,0,0,0,0,0,0,0,0,0,0,0,0,0,0,0,0,0,0,0,0,0,0,0,0,0,0,0,0,0,0,0,0,0,No users,,,,,,,,,,,,,,,,,,,,,,,,,,,,,,,,,,,,,,,,,,,,,,,,,,,,,,,,,,9:15:54 AM,4747,4721,53,0,0
sellwood,53,10/7/2024,9:19:58 AM,4991,0,0,0,0,0,0,0,0,0,0,0,0,1,0,0,0,0,0,0,0,0,0,0,0,0,0,0,0,1,0,0,0,1,0,0,0,0,0,0,0,0,0,No users,,,,,,,,,,,,,,,,,,,,,,,,,,,,,,,,,,,,,,,,,,,,,,,,,,,,,,,,,,9:20:48 AM,5041,5016,50,0,0
sellwood,54,10/7/2024,9:21:23 AM,5076,0,0,0,0,0,0,0,0,0,0,0,0,1,0,0,0,0,0,0,0,0,0,0,0,0,0,0,0,1,0,0,0,1,0,0,0,1,2,1,3,4,5,Dogs,2,2,,,2,0,,2,,,2,0,,,1,0,3,,3,0,1,,0,,,,,,,,,,,,,,,,,,,,,,,,,,,,,,,,,,,9:21:51 AM,5104,5090,28,0,0
sellwood,55,10/7/2024,9:25:06 AM,5299,0,0,0,0,0,0,0,0,0,0,0,0,1,0,0,0,0,0,0,0,0,0,0,0,0,0,0,0,1,0,0,0,1,0,0,0,0,0,0,0,0,0,No users,,,,,,,,,,,,,,,,,,,,,,,,,,,,,,,,,,,,,,,,,,,,,,,,,,,,,,,,,,9:25:59 AM,5352,5326,53,0,0
sellwood,56,10/7/2024,9:29:53 AM,5586,1,0,0,0,0,0,0,0,0,0,0,0,0,0,0,0,0,0,0,0,0,0,0,0,0,0,0,0,0,0,0,0,1,0,0,0,0,0,0,0,0,0,No users,,,,,,,,,,,,,,,,,,,,,,,,,,,,,,,,,,,,,,,,,,,,,,,,,,,,,,,,,,9:30:52 AM,5645,5616,59,0,0
oaks,63,10/12/2024,8:00:34 AM,0,0,0,1,0,1,0,0,0,0,0,0,0,1,0,0,0,0,0,0,0,0,0,0,0,0,0,0,0,1,0,0,0,1,0,1,0,0,0,0,0,0,0,No users,,,,,,,,,,,,,,,,,,,,,,,,,,,,,,,,,,,,,,,,,,,,,,,,,,,,,,,,,,8:01:35 AM,61,31,61,0,0
oaks,64,10/12/2024,8:03:48 AM,194,1,0,0,0,1,0,0,0,0,0,0,0,1,0,0,0,0,0,0,0,0,0,0,0,0,0,0,0,1,0,0,0,1,0,0,0,1,1,0,1,0,1,No dogs,1,3,,,3,0,,0,,,0,0,,,,,,,,,,,,,,,,,,,,,,,,,,,,,,,,,,,,,,,,,,,,,,8:04:04 AM,210,202,16,0,0
oaks,65,10/12/2024,8:05:09 AM,315,1,0,0,0,1,0,0,0,0,0,0,0,1,0,0,0,0,0,0,0,0,0,0,0,0,0,0,0,1,0,0,0,1,0,0,0,0,0,0,0,0,0,No users,,,,,,,,,,,,,,,,,,,,,,,,,,,,,,,,,,,,,,,,,,,,,,,,,,,,,,,,,,8:05:57 AM,363,339,48,0,0
oaks,66,10/12/2024,8:07:26 AM,412,0,1,0,0,1,0,0,0,0,0,0,0,1,0,0,0,0,0,0,0,0,0,0,0,0,0,0,0,1,0,0,0,1,1,0,0,1,1,0,2,0,2,No dogs,1,2,,,2,0,,0,1,,1,1,0,,,,,,,,,,,,,,,,,,,,,,,,,,,,,,,,,,,,,,,,,,,,,8:07:53 AM,439,426,27,0,0
oaks,67,10/12/2024,8:08:43 AM,489,0,0,1,0,1,0,0,0,0,0,0,0,1,0,0,0,0,0,0,0,0,0,0,0,0,0,0,0,1,0,0,0,1,0,1,0,1,1,0,1,0,1,No dogs,1,2,0,,2,0,,0,,,0,0,,,,,,,,,,,,,,,,,,,,,,,,,,,,,,,,,,,,,,,,,,,,,,8:09:05 AM,511,500,22,0,0
oaks,68,10/12/2024,8:10:05 AM,571,1,0,0,0,1,0,0,0,0,0,0,0,1,0,0,0,0,0,0,0,0,0,0,0,0,0,0,0,1,0,0,0,1,0,0,0,0,0,0,0,0,0,No users,,,,,,,,,,,,,,,,,,,,,,,,,,,,,,,,,,,,,,,,,,,,,,,,,,,,,,,,,,8:10:56 AM,622,597,51,0,0
oaks,69,10/12/2024,8:15:00 AM,866,0,0,1,0,0,0,0,0,0,0,0,0,1,0,0,0,0,0,0,0,0,0,0,0,1,0,0,0,1,0,0,0,1,0,1,0,0,0,0,0,0,0,No users,,,,,,,,,,,,,,,,,,,,,,,,,,,,,,,,,,,,,,,,,,,,,,,,,,,,,,,,,,8:16:11 AM,937,902,71,0,0
oaks,70,10/12/2024,8:19:59 AM,1165,1,0,0,0,1,0,0,0,0,0,0,0,1,0,0,0,1,0,0,0,0,0,0,0,0,0,0,0,1,0,0,0,1,0,0,0,0,0,0,0,0,0,No users,,,,,,,,,,,,,,,,,,,,,,,,,,,,,,,,,,,,,,,,,,,,,,,,,,,,,,,,,,8:20:57 AM,1223,1194,58,0,0
oaks,71,10/12/2024,8:24:51 AM,1457,0,0,1,0,0,0,0,0,1,0,0,0,1,0,0,0,0,0,0,0,0,0,0,0,0,0,0,0,1,0,0,0,1,0,1,0,0,0,0,0,0,0,No users,,,,,,,,,,,,,,,,,,,,,,,,,,,,,,,,,,,,,,,,,,,,,,,,,,,,,,,,,,8:26:05 AM,1531,1494,74,0,0
oaks,72,10/12/2024,8:27:42 AM,1628,1,0,0,0,0,0,0,0,0,0,0,0,0,0,0,0,0,0,0,0,0,0,0,0,0,0,0,0,0,0,0,0,1,0,0,0,2,2,0,2,0,2,No dogs,1,3,,,3,0,,1,0,,1,-1,0,,,,,,,,,,,1,2,0,2,-2,0,,0,0,,,,,,,,,,,,,,,,,,,,,,,,,,8:28:10 AM,1656,1642,28,0,0
oaks,73,10/12/2024,8:28:46 AM,1692,1,0,0,0,0,0,0,0,0,0,0,0,1,0,0,0,0,0,0,0,0,0,0,0,0,0,0,0,1,0,0,0,1,0,0,0,1,1,0,1,0,1,No dogs,1,2,,,2,0,,0,,,0,0,,,,,,,,,,,,,,,,,,,,,,,,,,,,,,,,,,,,,,,,,,,,,,8:29:07 AM,1713,1703,21,0,0
oaks,74,10/12/2024,8:30:25 AM,1791,1,0,0,0,1,0,0,0,0,0,0,0,1,0,0,0,0,0,0,0,0,0,0,0,0,0,0,0,1,0,0,0,1,0,0,0,0,0,0,0,0,0,No users,,,,,,,,,,,,,,,,,,,,,,,,,,,,,,,,,,,,,,,,,,,,,,,,,,,,,,,,,,8:31:37 AM,1863,1827,72,0,0
oaks,75,10/12/2024,8:35:06 AM,2072,1,0,1,0,0,0,0,0,0,0,0,0,1,0,0,0,0,0,0,0,0,0,0,0,0,0,0,0,1,0,0,0,1,0,1,0,0,0,0,0,0,0,No users,,,,,,,,,,,,,,,,,,,,,,,,,,,,,,,,,,,,,,,,,,,,,,,,,,,,,,,,,,8:36:06 AM,2132,2102,60,0,0
oaks,76,10/12/2024,8:40:34 AM,2400,1,0,1,0,0,0,0,0,0,0,0,0,1,0,0,0,0,0,0,0,0,0,0,0,0,0,0,0,1,0,0,0,1,0,1,0,0,0,0,0,0,0,No users,,,,,,,,,,,,,,,,,,,,,,,,,,,,,,,,,,,,,,,,,,,,,,,,,,,,,,,,,,8:41:27 AM,2453,2427,53,0,0
oaks,77,10/12/2024,8:41:42 AM,2468,0,0,0,0,0,0,0,0,0,0,0,0,0,0,0,0,0,0,0,0,0,0,0,0,0,0,0,0,0,0,0,0,0,0,0,0,1,1,1,2,1,3,Dogs,1,2,1,0,2,-1,-1,1,0,,1,-1,0,,1,1,0,,0,0,1,,0,,,,,,,,,,,,,,,,,,,,,,,,,,,,,,,,,,,8:42:04 AM,2490,2479,22,0,0
oaks,78,10/12/2024,8:42:50 AM,2536,0,0,0,0,0,0,0,0,0,0,0,0,0,0,0,0,0,0,0,0,0,0,0,0,0,0,0,0,0,0,0,0,0,0,0,0,1,2,3,2,1,3,Dogs,2,2,,,2,0,,,,,,,,,3,1,0,,0,0,1,,0,,,,,,,,,,,,,,,,,,,,,,,,,,,,,,,,,,,8:43:20 AM,2566,2551,30,0,0
oaks,79,10/12/2024,8:43:51 AM,2597,1,0,0,0,1,0,0,0,0,0,0,0,1,0,0,0,0,0,0,0,0,0,0,0,0,0,0,0,1,0,0,0,1,0,0,0,0,0,0,0,0,0,No users,,,,,,,,,,,,,,,,,,,,,,,,,,,,,,,,,,,,,,,,,,,,,,,,,,,,,,,,,,8:44:18 AM,2624,2611,27,0,0
oaks,80,10/12/2024,8:45:09 AM,2675,0,0,0,0,1,0,0,0,0,0,0,0,1,0,0,0,0,0,0,0,0,0,0,0,0,0,0,0,1,0,0,0,1,0,0,0,0,0,0,0,0,0,No users,,,,,,,,,,,,,,,,,,,,,,,,,,,,,,,,,,,,,,,,,,,,,,,,,,,,,,,,,,8:46:07 AM,2733,2704,58,0,0
oaks,81,10/12/2024,8:50:03 AM,2969,0,0,0,0,0,0,0,0,0,0,0,0,1,0,0,0,0,0,0,0,0,0,0,0,0,0,0,0,1,0,0,0,1,0,0,0,0,0,0,0,0,0,No users,,,,,,,,,,,,,,,,,,,,,,,,,,,,,,,,,,,,,,,,,,,,,,,,,,,,,,,,,,8:51:07 AM,3033,3001,64,0,0
oaks,82,10/12/2024,8:55:41 AM,3307,0,0,0,1,0,0,0,0,0,0,0,0,0,1,0,0,0,0,0,0,0,0,0,0,0,0,0,0,0,1,0,0,0,1,0,1,1,1,0,1,0,1,No dogs,1,3,,,3,0,,0,,,0,0,,,,,,,,,,,,,,,,,,,,,,,,,,,,,,,,,,,,,,,,,,,,,,8:55:53 AM,3319,3313,12,0,0
oaks,83,10/12/2024,8:56:22 AM,3348,0,0,0,0,0,0,0,0,0,0,0,0,1,0,0,0,0,0,0,0,0,0,0,0,0,0,0,0,1,0,0,0,1,0,0,0,0,0,0,0,0,0,No users,,,,,,,,,,,,,,,,,,,,,,,,,,,,,,,,,,,,,,,,,,,,,,,,,,,,,,,,,,8:57:34 AM,3419,3384,71,0,0
oaks,84,10/12/2024,8:58:46 AM,3492,0,0,1,0,0,0,0,0,0,0,0,0,1,0,0,0,1,0,0,0,0,0,0,0,0,0,0,0,1,0,0,0,1,0,1,0,1,1,2,3,1,4,Dogs,1,3,,,3,0,,0,2,,2,2,0,,2,1,0,,0,0,1,,0,,,,,,,,,,,,,,,,,,,,,,,,,,,,,,,,,,,8:59:00 AM,3506,3499,14,0,0
oaks,85,10/12/2024,9:00:05 AM,3571,1,0,1,0,0,0,0,0,0,0,0,0,1,0,0,0,0,0,0,0,0,0,0,0,0,0,0,0,1,0,0,0,1,0,1,0,0,0,0,0,0,0,No users,,,,,,,,,,,,,,,,,,,,,,,,,,,,,,,,,,,,,,,,,,,,,,,,,,,,,,,,,,9:00:53 AM,3618,3595,47,0,0
oaks,86,10/12/2024,9:04:02 AM,3808,1,0,0,0,0,0,0,0,0,0,0,0,0,0,0,0,0,0,0,0,0,0,0,0,0,0,0,0,0,0,0,0,1,0,0,0,1,2,3,2,3,4,Dogs,2,2,,,2,0,,1,,,1,0,,,3,1,1,2,2,1,1,,0,,,,,,,,,,,,,,,,,,,,,,,,,,,,,,,,,,,9:04:40 AM,3845,3827,37,0,0
oaks,87,10/12/2024,9:06:17 AM,3943,1,0,0,0,0,0,0,0,0,0,0,0,1,0,0,0,0,0,0,0,0,0,0,0,0,0,0,0,1,0,0,0,1,0,0,0,1,1,0,1,0,1,No dogs,1,3,,,3,0,,0,,,0,0,,,,,,,,,,,,,,,,,,,,,,,,,,,,,,,,,,,,,,,,,,,,,,9:06:30 AM,3955,3949,12,0,0
oaks,88,10/12/2024,9:07:43 AM,4029,1,0,0,0,1,0,0,0,0,0,0,0,1,0,0,0,0,0,0,0,0,0,0,0,0,0,0,0,1,0,0,0,1,0,0,0,0,0,0,0,0,0,No users,,,,,,,,,,,,,,,,,,,,,,,,,,,,,,,,,,,,,,,,,,,,,,,,,,,,,,,,,,9:08:37 AM,4082,4056,53,0,0
oaks,89,10/12/2024,9:10:07 AM,4173,1,0,1,0,0,0,0,0,0,0,0,0,0,0,0,0,0,0,0,0,0,0,0,0,0,0,0,0,0,0,0,0,1,0,1,0,0,0,0,0,0,0,No users,,,,,,,,,,,,,,,,,,,,,,,,,,,,,,,,,,,,,,,,,,,,,,,,,,,,,,,,,,9:11:08 AM,4233,4203,60,0,0
oaks,90,10/12/2024,9:13:39 AM,4385,0,0,0,0,1,0,0,0,0,0,0,0,0,0,0,0,0,0,0,0,0,0,0,0,0,0,0,0,1,0,0,0,1,0,0,0,1,1,0,1,0,1,No dogs,1,3,,,3,0,,0,,,0,0,,,,,,,,,,,,,,,,,,,,,,,,,,,,,,,,,,,,,,,,,,,,,,9:14:00 AM,4405,4395,20,0,0
oaks,91,10/12/2024,9:15:24 AM,4490,0,1,0,1,0,1,0,0,0,0,0,0,0,0,0,0,0,1,0,0,0,0,0,0,0,0,0,0,0,1,0,0,0,1,0,1,1,1,0,1,0,1,No dogs,1,3,,,3,0,,0,,,0,0,,,,,,,,,,,,,,,,,,,,,,,,,,,,,,,,,,,,,,,,,,,,,,9:15:34 AM,4500,4495,10,0,0
oaks,92,10/12/2024,9:16:29 AM,4555,0,0,1,0,1,0,0,0,0,0,0,0,1,0,0,0,0,0,0,0,0,0,0,0,0,0,0,0,1,0,0,0,1,0,1,0,0,0,0,0,0,0,No users,,,,,,,,,,,,,,,,,,,,,,,,,,,,,,,,,,,,,,,,,,,,,,,,,,,,,,,,,,9:17:27 AM,4613,4584,58,0,0
oaks,93,10/12/2024,9:20:03 AM,4769,1,0,0,0,1,0,0,0,0,0,0,0,1,0,0,0,0,0,0,0,0,0,0,0,0,0,0,0,1,0,0,0,1,0,0,0,0,0,0,0,0,0,No users,,,,,,,,,,,,,,,,,,,,,,,,,,,,,,,,,,,,,,,,,,,,,,,,,,,,,,,,,,9:20:49 AM,4815,4792,46,0,0
oaks,94,10/12/2024,9:25:08 AM,5074,1,0,0,0,1,0,0,0,0,0,0,0,1,0,0,0,0,0,0,0,0,0,0,0,0,0,0,0,1,0,0,0,1,0,0,0,0,0,0,0,0,0,No users,,,,,,,,,,,,,,,,,,,,,,,,,,,,,,,,,,,,,,,,,,,,,,,,,,,,,,,,,,9:25:57 AM,5123,5099,49,0,0
oaks,95,10/12/2024,9:30:26 AM,5392,0,0,0,1,1,0,0,0,0,0,0,0,1,0,0,0,0,0,0,0,0,1,0,0,0,0,0,0,1,1,0,0,1,1,0,1,1,2,1,3,1,4,Dogs,2,3,,,3,0,,2,,,2,0,,,1,1,0,,0,0,1,,0,,,,,,,,,,,,,,,,,,,,,,,,,,,,,,,,,,,9:30:41 AM,5406,5399,14,0,0
oaks,96,10/12/2024,9:31:54 AM,5480,1,0,0,0,0,0,0,0,0,0,0,0,1,0,0,0,0,0,0,0,0,0,0,0,0,0,0,0,1,0,0,0,1,0,0,0,0,0,0,0,0,0,No users,,,,,,,,,,,,,,,,,,,,,,,,,,,,,,,,,,,,,,,,,,,,,,,,,,,,,,,,,,9:32:36 AM,5522,5501,42,0,0
oaks,97,10/12/2024,9:33:08 AM,5554,1,0,0,0,0,0,0,0,0,0,0,0,0,0,0,0,0,0,0,0,0,0,0,0,0,0,0,0,0,0,0,0,1,0,0,0,1,2,0,3,0,3,No dogs,2,0,1,,1,1,0,2,,,2,0,,binoculars,,,,,,,,,,,,,,,,,,,,,,,,,,,,,,,,,,,,,,,,,,,,9:33:58 AM,5603,5579,49,0,0
oaks,98,10/12/2024,9:35:35 AM,5701,0,0,0,0,0,0,0,0,0,0,0,0,0,0,0,0,0,0,0,0,0,0,0,0,0,0,0,0,0,0,0,0,0,0,0,0,1,1,0,1,0,1,No dogs,1,2,,,2,0,,0,,,0,0,,,,,,,,,,,,,,,,,,,,,,,,,,,,,,,,,,,,,,,,,,,,,,9:36:01 AM,5726,5714,25,0,0
oaks,99,10/12/2024,9:37:53 AM,5839,1,0,1,0,0,0,0,0,0,0,0,0,0,0,0,0,0,0,0,0,0,0,0,0,0,0,0,0,0,0,0,0,1,0,1,0,2,2,0,1,0,1,No dogs,1,1,,,1,0,,0,,,0,0,,,,,,,,,,,,1,2,,2,0,0,,0,0,,,,,,,,,,,,,,,,,,,,,,,,,,9:39:07 AM,5912,5876,73,0,0
oaks,100,10/12/2024,9:39:59 AM,5965,1,0,1,0,0,0,0,0,1,0,0,0,0,0,0,0,0,0,0,0,0,0,0,0,0,0,0,0,1,0,0,0,1,0,1,0,0,0,0,0,0,0,No users,,,,,,,,,,,,,,,,,,,,,,,,,,,,,,,,,,,,,,,,,,,,,,,,,,,,,,,,,,9:40:42 AM,6008,5987,43,0,0
oaks,101,10/12/2024,9:42:46 AM,6132,1,0,1,0,0,0,0,0,0,0,0,0,0,0,0,0,0,0,0,0,0,0,0,0,0,0,0,0,0,0,0,0,1,0,1,0,1,2,0,3,0,3,No dogs,2,2,,,2,0,,2,0,,2,-2,0,,,,,,,,,,,,,,,,,,,,,,,,,,,,,,,,,,,,,,,,,,,,,9:43:17 AM,6162,6147,30,0,0
oaks,102,10/12/2024,9:45:02 AM,6268,0,0,1,0,0,0,0,0,1,0,0,0,0,0,0,0,0,0,0,0,0,0,0,0,0,0,0,0,1,0,0,0,1,0,1,0,0,0,0,0,0,0,No users,,,,,,,,,,,,,,,,,,,,,,,,,,,,,,,,,,,,,,,,,,,,,,,,,,,,,,,,,,9:45:59 AM,6325,6297,57,0,0
smith bybee,52,10/13/2024,8:09:45 AM,0,0,0,0,0,0,0,0,0,0,0,0,0,1,0,0,0,1,0,0,0,0,0,1,0,1,0,0,0,1,0,1,0,1,0,1,0,0,0,0,0,0,0,No users,,,,,,,,,,,,,,,,,,,,,,,,,,,,,,,,,,,,,,,,,,,,,,,,,,,,,,,,,,8:10:30 AM,45,23,45,0,0
smith bybee,53,10/13/2024,8:15:14 AM,329,0,0,0,0,0,0,0,0,0,0,0,0,1,0,0,0,1,0,0,0,0,0,0,0,0,0,0,0,1,0,0,0,1,0,0,0,0,0,0,0,0,0,No users,,,,,,,,,,,,,,,,,,,,,,,,,,,,,,,,,,,,,,,,,,,,,,,,,,,,,,,,,,8:16:17 AM,391,360,62,0,0
smith bybee,54,10/13/2024,8:20:03 AM,618,0,0,0,0,0,0,0,0,0,0,0,0,1,0,0,0,0,0,0,0,0,0,0,0,1,0,0,0,1,0,0,0,1,0,0,0,0,0,0,0,0,0,No users,,,,,,,,,,,,,,,,,,,,,,,,,,,,,,,,,,,,,,,,,,,,,,,,,,,,,,,,,,8:21:26 AM,700,659,82,0,0
smith bybee,55,10/13/2024,8:25:07 AM,922,0,0,0,0,1,0,0,0,0,0,0,0,1,0,0,0,1,0,0,0,0,0,0,0,1,0,1,0,1,0,1,0,1,0,1,0,0,0,0,0,0,0,No users,,,,,,,,,,,,,,,,,,,,,,,,,,,,,,,,,,,,,,,,,,,,,,,,,,,,,,,,,,8:26:09 AM,983,953,61,0,0
smith bybee,56,10/13/2024,8:27:39 AM,1074,0,0,0,0,0,0,0,0,0,0,0,0,1,0,0,0,0,0,0,0,0,0,0,0,1,0,0,0,1,0,0,0,1,0,0,0,1,2,0,1,0,1,No dogs,2,2,0,,2,-2,0,0,,,0,0,,binoculars,,,,,,,,,,,,,,,,,,,,,,,,,,,,,,,,,,,,,,,,,,,,8:29:16 AM,1170,1122,96,0,0
smith bybee,57,10/13/2024,8:30:14 AM,1229,0,0,0,0,0,0,0,0,0,0,0,0,1,0,0,0,1,0,0,0,0,0,0,0,0,1,0,0,1,1,0,0,1,1,0,0,1,1,0,2,0,2,No dogs,1,,,,,,,,,,,,,,,,,,,,,,,,,,,,,,,,,,,,,,,,,,,,,,,,,,,,,,,,,8:31:16 AM,1291,1260,62,0,0
smith bybee,58,10/13/2024,8:35:06 AM,1521,0,0,0,0,0,0,0,0,0,0,0,0,1,0,0,0,0,0,0,0,0,0,0,0,0,1,0,1,1,1,0,1,1,1,0,1,0,0,0,0,0,0,No users,,,,,,,,,,,,,,,,,,,,,,,,,,,,,,,,,,,,,,,,,,,,,,,,,,,,,,,,,,8:36:07 AM,1582,1552,61,0,0
smith bybee,59,10/13/2024,8:40:03 AM,1818,0,0,0,0,0,0,0,0,0,0,0,0,1,0,0,0,0,0,0,0,0,0,0,0,0,0,0,0,1,0,0,0,1,0,0,0,0,0,0,0,0,0,No users,,,,,,,,,,,,,,,,,,,,,,,,,,,,,,,,,,,,,,,,,,,,,,,,,,,,,,,,,,8:41:02 AM,1876,1847,58,0,0
smith bybee,60,10/13/2024,8:45:13 AM,2128,0,0,0,0,0,0,0,0,0,0,0,0,1,0,0,0,0,0,0,0,0,0,1,0,0,0,0,0,1,0,1,0,1,0,1,0,0,0,0,0,0,0,No users,,,,,,,,,,,,,,,,,,,,,,,,,,,,,,,,,,,,,,,,,,,,,,,,,,,,,,,,,,8:46:15 AM,2190,2159,62,0,0
smith bybee,61,10/13/2024,8:50:14 AM,2429,0,0,0,0,1,0,0,0,0,0,0,0,1,0,0,0,0,0,0,0,0,0,0,0,0,0,0,0,1,0,0,0,1,0,0,0,1,1,0,2,0,2,No dogs,1,1,0,,1,-1,0,0,1,,1,1,0,"binoculars,scope",,,,,,,,,,,,,,,,,,,,,,,,,,,,,,,,,,,,,,,,,,,,8:52:54 AM,2588,2509,159,0,0
smith bybee,62,10/13/2024,8:55:13 AM,2728,1,0,0,0,0,0,0,0,0,0,0,0,1,0,0,0,0,0,0,0,0,0,0,0,0,0,0,0,1,0,0,0,1,0,0,0,0,0,0,0,0,0,No users,,,,,,,,,,,,,,,,,,,,,,,,,,,,,,,,,,,,,,,,,,,,,,,,,,,,,,,,,,8:56:16 AM,2790,2759,62,0,0
smith bybee,63,10/13/2024,8:59:58 AM,3013,0,0,0,0,0,0,0,0,0,0,0,0,1,0,0,0,1,0,0,0,0,0,0,0,0,0,0,0,1,0,0,0,1,0,0,0,1,2,0,3,0,3,No dogs,2,0,1,,1,1,0,0,2,,2,2,0,binoculars,,,,,,,,,,,,,,,,,,,,,,,,,,,,,,,,,,,,,,,,,,,,9:00:49 AM,3063,3038,50,0,0
smith bybee,64,10/13/2024,9:02:13 AM,3148,0,0,0,0,0,0,0,0,0,0,0,0,1,0,0,0,0,1,0,0,0,0,0,0,0,0,0,0,1,1,0,0,1,1,0,0,0,0,0,0,0,0,No users,,,,,,,,,,,,,,,,,,,,,,,,,,,,,,,,,,,,,,,,,,,,,,,,,,,,,,,,,,9:03:23 AM,3218,3183,70,0,0
smith bybee,65,10/13/2024,9:05:05 AM,3320,0,0,0,1,0,0,0,0,0,0,0,0,1,0,0,0,0,0,0,0,0,0,0,1,0,0,0,0,1,0,0,1,1,0,0,1,0,0,0,0,0,0,No users,,,,,,,,,,,,,,,,,,,,,,,,,,,,,,,,,,,,,,,,,,,,,,,,,,,,,,,,,,9:06:55 AM,3430,3375,110,0,0
smith bybee,66,10/13/2024,9:08:34 AM,3529,0,0,0,0,0,0,0,0,0,0,0,0,1,0,0,0,0,0,0,0,0,0,0,0,0,0,0,0,1,0,0,0,1,0,0,0,1,1,0,1,0,1,No dogs,1,2,0,,2,-2,0,0,,,0,0,,,,,,,,,,,,,,,,,,,,,,,,,,,,,,,,,,,,,,,,,,,,,,9:09:10 AM,3564,3547,35,0,0
smith bybee,67,10/13/2024,9:10:24 AM,3639,0,0,0,0,0,0,0,0,0,0,0,0,1,0,0,0,0,0,0,0,0,0,0,0,0,0,0,0,1,0,0,0,1,0,0,0,1,1,0,1,0,1,No dogs,1,3,,,3,0,,0,,,0,0,,,,,,,,,,,,,,,,,,,,,,,,,,,,,,,,,,,,,,,,,,,,,,9:10:36 AM,3651,3645,12,0,0
smith bybee,68,10/13/2024,9:11:28 AM,3703,0,0,0,0,0,0,0,0,0,0,0,0,1,0,0,0,0,0,0,0,0,0,0,0,0,0,0,0,1,0,0,0,1,0,0,0,0,0,0,0,0,0,No users,,,,,,,,,,,,,,,,,,,,,,,,,,,,,,,,,,,,,,,,,,,,,,,,,,,,,,,,,,9:12:20 AM,3754,3729,51,0,0
smith bybee,69,10/13/2024,9:15:11 AM,3926,0,0,0,0,0,1,0,0,0,0,0,0,1,0,0,0,1,0,0,0,0,0,0,0,0,0,0,0,1,1,0,0,1,1,0,0,0,0,0,0,0,0,No users,,,,,,,,,,,,,,,,,,,,,,,,,,,,,,,,,,,,,,,,,,,,,,,,,,,,,,,,,,9:16:05 AM,3979,3953,53,0,0
smith bybee,70,10/13/2024,9:19:34 AM,4189,0,0,0,0,1,0,0,0,0,0,0,0,1,0,0,0,0,0,0,0,0,0,0,0,0,0,0,0,1,0,0,0,1,0,0,0,1,1,0,1,0,1,No dogs,1,3,,,3,0,,0,,,0,0,,,,,,,,,,,,,,,,,,,,,,,,,,,,,,,,,,,,,,,,,,,,,,9:19:44 AM,4199,4194,10,0,0
smith bybee,71,10/13/2024,9:20:11 AM,4226,0,0,0,0,0,0,0,0,0,0,0,0,1,0,0,0,0,0,0,0,0,0,0,0,0,0,0,0,1,0,0,0,1,0,0,0,0,0,0,0,0,0,No users,,,,,,,,,,,,,,,,,,,,,,,,,,,,,,,,,,,,,,,,,,,,,,,,,,,,,,,,,,9:21:05 AM,4280,4253,54,0,0
smith bybee,72,10/13/2024,9:25:01 AM,4516,0,1,0,1,0,0,0,0,0,0,0,0,1,0,0,0,0,0,0,0,0,0,1,0,0,0,0,0,1,0,1,0,1,1,1,1,0,0,0,0,0,0,No users,,,,,,,,,,,,,,,,,,,,,,,,,,,,,,,,,,,,,,,,,,,,,,,,,,,,,,,,,,9:26:21 AM,4596,4556,80,0,0
smith bybee,73,10/13/2024,9:30:54 AM,4869,0,0,0,0,0,1,0,0,0,0,0,0,1,0,0,0,0,0,0,0,0,0,1,0,0,0,1,0,1,1,1,0,1,1,1,0,0,0,0,0,0,0,No users,,,,,,,,,,,,,,,,,,,,,,,,,,,,,,,,,,,,,,,,,,,,,,,,,,,,,,,,,,9:31:58 AM,4933,4901,64,0,0
smith bybee,74,10/13/2024,9:35:01 AM,5116,0,0,0,0,0,0,0,0,0,0,0,0,1,0,0,0,0,0,0,0,0,0,0,0,0,0,1,0,1,0,1,0,1,0,1,0,0,0,0,0,0,0,No users,,,,,,,,,,,,,,,,,,,,,,,,,,,,,,,,,,,,,,,,,,,,,,,,,,,,,,,,,,9:36:16 AM,5190,5153,74,0,0
smith bybee,75,10/13/2024,9:40:10 AM,5425,0,0,0,0,0,0,0,0,0,0,0,0,1,0,0,0,0,0,0,0,0,0,0,0,0,0,0,0,1,0,0,0,1,0,0,0,0,0,0,0,0,0,No users,,,,,,,,,,,,,,,,,,,,,,,,,,,,,,,,,,,,,,,,,,,,,,,,,,,,,,,,,,9:41:15 AM,5489,5457,64,0,0
smith bybee,76,10/13/2024,9:45:06 AM,5721,1,0,0,0,0,0,0,0,1,0,0,0,1,0,0,0,1,0,0,0,0,0,0,0,0,0,0,0,1,0,0,0,1,0,0,0,0,0,0,0,0,0,No users,,,,,,,,,,,,,,,,,,,,,,,,,,,,,,,,,,,,,,,,,,,,,,,,,,,,,,,,,,9:46:17 AM,5792,5757,71,0,0
smith bybee,77,10/13/2024,9:50:02 AM,6017,0,0,0,0,0,0,0,0,0,0,0,0,1,0,0,0,0,0,0,0,0,0,0,0,0,0,0,0,1,0,0,0,1,0,0,0,0,0,0,0,0,0,No users,,,,,,,,,,,,,,,,,,,,,,,,,,,,,,,,,,,,,,,,,,,,,,,,,,,,,,,,,,9:51:02 AM,6076,6047,59,0,0
smith bybee,78,10/13/2024,9:55:03 AM,6318,0,0,0,0,1,0,0,0,0,0,0,0,1,0,0,0,0,0,0,0,0,0,0,0,0,0,0,0,1,0,0,0,1,0,0,0,0,0,0,0,0,0,No users,,,,,,,,,,,,,,,,,,,,,,,,,,,,,,,,,,,,,,,,,,,,,,,,,,,,,,,,,,9:56:13 AM,6387,6353,69,0,0
smith bybee,80,10/13/2024,10:00:26 AM,6641,0,0,0,0,0,0,0,0,0,0,0,0,0,0,0,0,0,0,0,0,0,0,0,0,0,0,0,0,0,0,0,0,0,0,0,0,1,1,0,1,0,1,No dogs,1,1,,,1,0,,0,,,0,0,,,,,,,,,,,,,,,,,,,,,,,,,,,,,,,,,,,,,,,,,,,,,,10:00:59 AM,6673,6657,32,0,0
smith bybee,81,10/13/2024,10:01:35 AM,6710,1,0,0,0,0,0,0,0,1,0,0,0,0,0,0,0,0,0,0,0,0,0,0,0,0,0,0,0,1,0,0,0,1,0,0,0,0,0,0,0,0,0,No users,,,,,,,,,,,,,,,,,,,,,,,,,,,,,,,,,,,,,,,,,,,,,,,,,,,,,,,,,,10:02:31 AM,6765,6738,55,0,0
smith bybee,82,10/13/2024,10:05:00 AM,6915,0,0,0,0,0,0,0,0,0,0,0,0,0,0,0,0,0,0,0,0,0,0,1,0,0,0,0,0,0,0,1,0,0,0,1,0,0,0,0,0,0,0,No users,,,,,,,,,,,,,,,,,,,,,,,,,,,,,,,,,,,,,,,,,,,,,,,,,,,,,,,,,,10:05:54 AM,6969,6942,54,0,0
smith bybee,83,10/13/2024,10:06:32 AM,7007,1,0,0,1,0,0,0,0,0,0,0,0,1,0,0,0,0,0,0,0,0,0,0,0,0,0,0,0,1,0,0,0,1,0,0,1,1,2,0,3,0,3,No dogs,2,2,,,2,0,,2,,,2,0,,,,,,,,,,,,,,,,,,,,,,,,,,,,,,,,,,,,,,,,,,,,,,10:06:46 AM,7021,7014,14,0,0
smith bybee,84,10/13/2024,10:10:02 AM,7217,1,0,0,0,1,0,0,0,0,0,0,0,0,0,0,0,1,0,0,0,0,0,1,0,0,0,0,0,1,0,1,0,1,0,1,0,0,0,0,0,0,0,No users,,,,,,,,,,,,,,,,,,,,,,,,,,,,,,,,,,,,,,,,,,,,,,,,,,,,,,,,,,10:11:04 AM,7278,7248,61,0,0
smith bybee,85,10/13/2024,10:15:01 AM,7516,0,0,0,0,0,0,0,0,0,0,0,0,1,0,0,0,0,0,0,0,0,0,1,0,0,0,0,0,1,0,1,0,1,0,1,0,0,0,0,0,0,0,No users,,,,,,,,,,,,,,,,,,,,,,,,,,,,,,,,,,,,,,,,,,,,,,,,,,,,,,,,,,10:16:01 AM,7575,7546,59,0,0
sellwood,57,10/14/2024,7:55:10 AM,0,1,0,1,0,0,0,0,0,0,0,0,0,0,0,0,0,0,0,0,0,0,0,0,0,0,0,0,0,0,0,0,0,1,0,1,0,0,0,0,0,0,0,No users,,,,,,,,,,,,,,,,,,,,,,,,,,,,,,,,,,,,,,,,,,,,,,,,,,,,,,,,,,7:56:27 AM,77,39,77,0,0
sellwood,58,10/14/2024,7:57:05 AM,115,0,0,1,0,0,0,0,0,0,0,0,0,0,0,0,0,0,0,0,0,0,0,0,0,0,0,0,0,0,0,0,0,0,0,1,0,1,2,2,3,1,4,Dogs,2,2,,,2,0,,2,,,2,0,,,2,0,0,,0,0,1,0,-1,,,,,,,,,,,,,,,,,,,,,,,,,,,,,,,,,,,7:57:39 AM,149,132,34,0,0
sellwood,59,10/14/2024,7:58:47 AM,217,0,0,1,0,0,0,0,0,0,0,0,0,0,0,0,0,1,0,0,0,0,0,0,0,0,0,0,0,1,0,0,0,1,0,1,0,1,1,0,1,0,1,No dogs,1,0,1,,1,-1,0,0,,,0,0,,,,,,,,,,,,,,,,,,,,,,,,,,,,,,,,,,,,,,,,,,,,,,8:01:03 AM,352,285,135,0,0
sellwood,60,10/14/2024,8:02:17 AM,427,0,0,1,0,0,0,0,0,0,0,0,0,0,0,0,0,0,0,0,0,0,0,0,0,0,0,0,0,0,0,0,0,0,0,1,0,0,0,0,0,0,0,No users,,,,,,,,,,,,,,,,,,,,,,,,,,,,,,,,,,,,,,,,,,,,,,,,,,,,,,,,,,8:03:23 AM,492,460,65,0,0
sellwood,61,10/14/2024,8:05:14 AM,604,1,0,1,0,0,0,0,0,0,0,0,0,0,0,0,0,1,0,1,0,0,0,0,0,0,0,0,0,1,0,1,0,1,0,1,0,0,0,0,0,0,0,No users,,,,,,,,,,,,,,,,,,,,,,,,,,,,,,,,,,,,,,,,,,,,,,,,,,,,,,,,,,8:06:14 AM,663,634,59,0,0
sellwood,62,10/14/2024,8:10:03 AM,893,1,0,1,0,0,1,0,0,0,0,0,0,0,0,0,0,1,0,1,0,0,0,0,0,0,0,0,0,1,1,1,0,1,1,1,0,0,0,0,0,0,0,No users,,,,,,,,,,,,,,,,,,,,,,,,,,,,,,,,,,,,,,,,,,,,,,,,,,,,,,,,,,8:11:05 AM,955,924,62,0,0
sellwood,63,10/14/2024,8:16:18 AM,1268,0,0,1,0,0,0,0,0,0,0,0,0,0,0,0,0,0,0,1,0,0,0,0,0,0,0,0,0,0,0,1,0,0,0,1,0,1,1,1,3,1,4,Dogs,1,1,,,1,0,,0,2,,2,2,0,,1,1,0,,0,0,1,,0,,,,,,,,,,,,,,,,,,,,,,,,,,,,,,,,,,,8:16:42 AM,1292,1280,24,0,0
sellwood,64,10/14/2024,8:17:26 AM,1336,0,0,1,0,0,0,0,0,0,0,0,0,0,0,0,0,0,0,0,1,0,0,0,0,0,0,0,0,0,0,0,1,0,0,1,1,1,1,1,1,1,2,Dogs,1,2,,,2,0,,0,,,0,0,,,1,1,0,,0,0,1,,0,,,,,,,,,,,,,,,,,,,,,,,,,,,,,,,,,,,8:17:51 AM,1360,1348,24,0,0
sellwood,65,10/14/2024,8:18:32 AM,1402,1,0,1,0,0,0,0,0,0,0,0,0,0,0,0,0,0,0,0,0,0,0,0,0,0,0,0,0,0,0,0,0,1,0,1,0,0,0,0,0,0,0,No users,,,,,,,,,,,,,,,,,,,,,,,,,,,,,,,,,,,,,,,,,,,,,,,,,,,,,,,,,,8:19:22 AM,1451,1427,49,0,0
sellwood,67,10/14/2024,8:22:09 AM,1619,0,0,1,0,1,0,0,0,0,0,0,0,0,0,0,0,0,0,0,0,0,0,0,0,0,0,0,0,1,0,0,0,1,0,1,0,0,0,0,0,0,0,No users,,,,,,,,,,,,,,,,,,,,,,,,,,,,,,,,,,,,,,,,,,,,,,,,,,,,,,,,,,8:22:57 AM,1666,1643,47,0,0
sellwood,68,10/14/2024,8:25:29 AM,1819,0,0,1,0,0,0,0,0,0,0,0,0,0,0,0,0,0,0,0,0,0,0,0,0,0,0,0,0,0,0,0,0,0,0,1,0,0,0,0,0,0,0,No users,,,,,,,,,,,,,,,,,,,,,,,,,,,,,,,,,,,,,,,,,,,,,,,,,,,,,,,,,,8:26:30 AM,1880,1850,61,0,0
sellwood,69,10/14/2024,8:28:55 AM,2025,0,0,0,1,0,0,0,0,0,0,0,0,0,0,0,0,1,0,0,0,0,0,0,0,0,0,0,0,1,0,0,0,1,0,0,1,1,0,1,0,1,1,Dogs,0,,,,,,,,,,,,,,1,0,0,,0,0,0,,0,,,,,,,,,,,,,,,,,,,,,,,,,,,,,,,,,,,8:29:21 AM,2050,2038,25,0,0
sellwood,70,10/14/2024,8:30:04 AM,2094,1,0,0,0,0,0,0,0,0,0,0,0,0,0,0,0,0,0,0,0,0,0,0,0,0,0,0,0,0,0,0,0,1,0,0,0,0,0,0,0,0,0,No users,,,,,,,,,,,,,,,,,,,,,,,,,,,,,,,,,,,,,,,,,,,,,,,,,,,,,,,,,,8:31:07 AM,2156,2125,62,0,0
sellwood,71,10/14/2024,8:33:31 AM,2301,0,0,1,0,0,0,0,0,0,0,0,0,0,0,0,0,1,0,0,0,0,0,0,0,0,0,0,0,1,0,0,0,1,0,1,0,1,1,1,3,1,4,Dogs,1,2,,,2,0,,2,0,,2,-2,0,,1,0,0,,0,0,0,1,1,,,,,,,,,,,,,,,,,,,,,,,,,,,,,,,,,,,8:34:17 AM,2346,2324,45,0,0
sellwood,72,10/14/2024,8:35:05 AM,2395,0,0,1,0,0,0,0,0,0,0,0,0,0,0,0,0,0,0,0,0,0,0,0,0,0,0,0,0,0,0,0,0,0,0,1,0,0,0,0,0,0,0,No users,,,,,,,,,,,,,,,,,,,,,,,,,,,,,,,,,,,,,,,,,,,,,,,,,,,,,,,,,,8:35:52 AM,2442,2419,47,0,0
sellwood,73,10/14/2024,8:39:45 AM,2675,1,0,1,0,0,1,0,0,0,0,0,0,0,0,0,0,1,0,0,1,0,0,0,0,0,0,0,0,1,1,0,1,1,1,1,1,0,0,0,0,0,0,No users,,,,,,,,,,,,,,,,,,,,,,,,,,,,,,,,,,,,,,,,,,,,,,,,,,,,,,,,,,8:40:33 AM,2722,2699,47,0,0
sellwood,74,10/14/2024,8:45:02 AM,2992,0,0,1,0,0,0,0,0,0,0,0,0,0,0,0,0,0,1,0,0,0,0,0,0,0,0,0,0,0,1,0,0,0,1,1,0,0,0,0,0,0,0,No users,,,,,,,,,,,,,,,,,,,,,,,,,,,,,,,,,,,,,,,,,,,,,,,,,,,,,,,,,,8:45:55 AM,3045,3019,53,0,0
sellwood,75,10/14/2024,8:49:59 AM,3289,1,0,1,0,0,0,0,0,0,0,0,0,0,0,0,0,0,0,0,0,0,0,0,0,0,0,0,0,0,0,0,0,1,0,1,0,0,0,0,0,0,0,No users,,,,,,,,,,,,,,,,,,,,,,,,,,,,,,,,,,,,,,,,,,,,,,,,,,,,,,,,,,8:50:49 AM,3339,3314,50,0,0
sellwood,76,10/14/2024,8:55:02 AM,3592,1,0,0,1,1,0,0,0,0,0,0,0,0,0,0,0,0,0,0,0,0,0,0,0,0,0,0,0,1,0,0,0,1,0,0,1,0,0,0,0,0,0,No users,,,,,,,,,,,,,,,,,,,,,,,,,,,,,,,,,,,,,,,,,,,,,,,,,,,,,,,,,,8:55:57 AM,3646,3619,54,0,0
sellwood,77,10/14/2024,8:56:25 AM,3675,0,1,0,0,0,0,0,0,0,0,0,0,0,0,0,0,0,0,0,0,0,0,0,0,0,0,0,0,0,0,0,0,0,1,0,0,1,2,2,3,4,5,Dogs,2,1,,,1,0,,2,,,2,0,,,2,0,3,,3,0,1,,0,,,,,,,,,,,,,,,,,,,,,,,,,,,,,,,,,,,8:57:03 AM,3712,3694,37,0,0
sellwood,78,10/14/2024,9:00:21 AM,3911,1,0,0,0,0,0,0,0,0,0,0,0,0,0,0,0,0,0,0,0,0,0,0,0,0,0,0,0,0,0,0,0,1,0,0,0,1,1,2,3,1,4,Dogs,1,2,0,,2,-2,0,2,,,2,0,,,2,1,0,,0,0,1,,0,,,,,,,,,,,,,,,,,,,,,,,,,,,,,,,,,,,9:01:18 AM,3967,3939,56,0,0
sellwood,79,10/14/2024,9:02:30 AM,4040,1,0,0,0,0,0,0,0,0,0,0,0,0,0,0,0,1,0,0,0,0,0,0,0,0,0,0,0,1,0,0,0,1,0,0,0,1,1,1,1,1,2,Dogs,1,3,,,3,0,,0,,,0,0,,,1,0,0,,0,0,1,,0,,,,,,,,,,,,,,,,,,,,,,,,,,,,,,,,,,,9:02:54 AM,4063,4052,23,0,0
sellwood,80,10/14/2024,9:03:32 AM,4102,1,0,0,0,0,0,0,0,0,0,0,0,0,0,0,0,0,0,0,0,0,0,0,0,0,0,0,0,0,0,0,0,1,0,0,0,0,0,0,0,0,0,No users,,,,,,,,,,,,,,,,,,,,,,,,,,,,,,,,,,,,,,,,,,,,,,,,,,,,,,,,,,9:04:21 AM,4151,4127,49,0,0
sellwood,81,10/14/2024,9:05:28 AM,4218,0,0,0,0,0,0,0,0,0,0,0,0,0,0,0,0,0,0,0,0,0,0,0,0,0,0,0,0,0,0,0,0,0,0,0,0,0,0,0,0,0,0,No users,,,,,,,,,,,,,,,,,,,,,,,,,,,,,,,,,,,,,,,,,,,,,,,,,,,,,,,,,,9:06:10 AM,4259,4239,41,0,0
sellwood,82,10/14/2024,9:09:42 AM,4472,0,0,0,0,0,0,0,0,0,0,0,0,0,0,0,0,0,0,0,0,0,0,0,0,0,0,0,0,0,0,0,0,0,0,0,0,1,1,1,1,1,2,Dogs,1,3,,,3,0,,0,,,0,0,,,1,0,0,,0,0,1,,0,,,,,,,,,,,,,,,,,,,,,,,,,,,,,,,,,,,9:10:02 AM,4492,4482,20,0,0
sellwood,83,10/14/2024,9:10:35 AM,4525,1,0,1,0,0,0,0,0,0,0,0,0,0,0,0,0,0,0,0,0,0,0,0,0,0,0,0,0,0,0,0,0,1,0,1,0,0,0,0,0,0,0,No users,,,,,,,,,,,,,,,,,,,,,,,,,,,,,,,,,,,,,,,,,,,,,,,,,,,,,,,,,,9:11:22 AM,4571,4548,46,0,0
sellwood,84,10/14/2024,9:11:34 AM,4584,0,0,1,0,0,0,0,0,0,0,0,0,0,0,0,0,0,0,0,0,0,0,0,0,0,0,0,0,0,0,0,0,0,0,1,0,1,0,2,0,1,1,Dogs,0,,,,,,,,,,,,,,2,0,0,,0,0,0,1,1,,,,,,,,,,,,,,,,,,,,,,,,,,,,,,,,,,,9:11:53 AM,4602,4593,18,0,0
sellwood,85,10/14/2024,9:14:03 AM,4733,0,0,1,0,0,0,0,0,0,0,0,0,0,0,0,0,0,0,0,0,0,0,0,0,0,0,0,0,0,0,0,0,0,0,1,0,1,0,2,0,2,2,Dogs,0,,,,,,,,,,,,,,2,0,1,,1,0,0,,0,,,,,,,,,,,,,,,,,,,,,,,,,,,,,,,,,,,9:14:19 AM,4748,4741,15,0,0
sellwood,86,10/14/2024,9:15:01 AM,4791,0,0,1,0,0,0,0,0,0,0,0,0,0,0,0,0,0,0,0,0,0,0,0,0,0,0,0,0,0,0,0,0,0,0,1,0,0,0,0,0,0,0,No users,,,,,,,,,,,,,,,,,,,,,,,,,,,,,,,,,,,,,,,,,,,,,,,,,,,,,,,,,,9:15:41 AM,4831,4811,40,0,0
sellwood,87,10/14/2024,9:17:11 AM,4921,0,0,0,0,0,0,0,0,0,0,0,0,0,0,0,0,0,0,0,0,0,0,0,0,0,0,0,0,0,0,0,0,0,0,0,0,1,1,0,1,0,1,No dogs,1,2,,,2,0,,0,,,0,0,,,,,,,,,,,,,,,,,,,,,,,,,,,,,,,,,,,,,,,,,,,,,,9:17:31 AM,4941,4931,20,0,0
sellwood,88,10/14/2024,9:19:41 AM,5071,0,0,0,0,0,0,0,0,0,0,0,0,0,0,0,0,0,0,0,0,0,0,0,0,0,0,0,0,0,0,0,0,0,0,0,0,1,0,1,0,2,2,Dogs,0,,,,,,,,,,,,,,1,0,1,,1,0,0,1,1,,,,,,,,,,,,,,,,,,,,,,,,,,,,,,,,,,,9:19:52 AM,5082,5077,11,0,0
sellwood,89,10/14/2024,9:20:12 AM,5102,0,0,0,0,0,0,0,0,0,0,0,0,0,0,0,0,0,0,0,0,0,0,0,0,0,0,0,0,0,0,0,0,0,0,0,0,0,0,0,0,0,0,No users,,,,,,,,,,,,,,,,,,,,,,,,,,,,,,,,,,,,,,,,,,,,,,,,,,,,,,,,,,9:21:16 AM,5166,5134,64,0,0
sellwood,90,10/14/2024,9:21:38 AM,5188,1,0,1,0,1,0,0,0,0,0,0,0,0,0,0,0,0,0,0,0,0,0,0,0,0,0,0,0,1,0,0,0,1,0,1,0,0,0,0,0,0,0,No users,,,,,,,,,,,,,,,,,,,,,,,,,,,,,,,,,,,,,,,,,,,,,,,,,,,,,,,,,,9:22:25 AM,5235,5212,47,0,0
sellwood,91,10/14/2024,9:25:02 AM,5392,0,0,1,0,0,0,0,0,0,0,0,0,0,0,0,0,0,0,0,0,0,0,0,0,0,0,0,0,0,0,0,0,0,0,1,0,0,0,0,0,0,0,No users,,,,,,,,,,,,,,,,,,,,,,,,,,,,,,,,,,,,,,,,,,,,,,,,,,,,,,,,,,9:25:30 AM,5419,5406,27,0,0
sellwood,92,10/14/2024,9:25:45 AM,5435,0,0,0,1,0,0,0,0,0,0,0,0,0,0,0,0,0,0,0,0,0,0,0,0,0,0,0,0,0,0,0,0,0,0,0,1,1,1,2,3,1,4,Dogs,1,2,1,,2,-1,0,2,1,,2,-1,0,,2,0,0,,0,0,0,1,-1,,,,,,,,,,,,,,,,,,,,,,,,,,,,,,,,,,,9:26:09 AM,5458,5447,23,0,0
sellwood,93,10/14/2024,9:29:53 AM,5683,0,0,0,0,0,0,0,0,0,0,0,0,0,0,0,0,0,0,0,0,0,0,0,0,0,0,0,0,0,0,0,0,0,0,0,0,1,1,1,2,2,3,Dogs,1,1,,,1,0,,1,0,,1,-1,0,,1,0,1,,1,0,1,,0,,,,,,,,,,,,,,,,,,,,,,,,,,,,,,,,,,,9:30:23 AM,5712,5698,29,0,0
sellwood,94,10/14/2024,9:31:21 AM,5771,0,0,0,0,0,0,0,0,0,0,0,0,0,0,0,0,0,0,0,0,0,0,0,0,0,0,0,0,0,0,0,0,0,0,0,0,0,0,0,0,0,0,No users,,,,,,,,,,,,,,,,,,,,,,,,,,,,,,,,,,,,,,,,,,,,,,,,,,,,,,,,,,9:32:00 AM,5810,5791,39,0,0
sellwood,95,10/14/2024,9:32:58 AM,5868,0,0,0,0,0,0,0,0,0,0,0,0,0,0,0,0,0,0,0,0,0,0,0,0,0,0,0,0,0,0,0,0,0,0,0,0,1,0,2,0,2,2,Dogs,0,,,,,,,,,,,,,,2,0,1,,1,0,1,0,-1,,,,,,,,,,,,,,,,,,,,,,,,,,,,,,,,,,,9:33:21 AM,5891,5880,23,0,0
sellwood,96,10/14/2024,9:33:38 AM,5908,1,0,1,0,0,0,0,0,0,0,0,0,0,0,0,0,0,0,0,0,0,0,0,0,0,0,0,0,0,0,0,0,1,0,1,0,0,0,0,0,0,0,No users,,,,,,,,,,,,,,,,,,,,,,,,,,,,,,,,,,,,,,,,,,,,,,,,,,,,,,,,,,9:34:28 AM,5957,5933,49,0,0
sellwood,97,10/14/2024,9:35:19 AM,6009,0,0,0,0,0,0,0,0,0,0,0,0,0,0,0,0,0,0,0,0,0,0,0,0,0,0,0,0,0,0,0,0,0,0,0,0,1,1,0,1,0,1,No dogs,1,1,,,1,0,,0,,,0,0,,,,,,,,,,,,,,,,,,,,,,,,,,,,,,,,,,,,,,,,,,,,,,9:36:06 AM,6056,6033,47,0,0
sellwood,98,10/14/2024,9:37:32 AM,6142,0,0,0,0,0,0,0,0,0,0,0,0,0,0,0,0,0,0,0,0,0,0,0,0,0,0,0,0,0,0,0,0,0,0,0,0,1,1,0,1,0,1,No dogs,1,1,,,1,0,,0,,,0,0,,,,,,,,,,,,,,,,,,,,,,,,,,,,,,,,,,,,,,,,,,,,,,9:38:05 AM,6175,6159,33,0,0
sellwood,99,10/14/2024,9:40:04 AM,6294,0,0,0,0,0,0,0,0,0,0,0,0,0,0,0,0,0,0,0,0,0,0,0,0,0,0,0,0,0,0,0,0,0,0,0,0,0,0,0,0,0,0,No users,,,,,,,,,,,,,,,,,,,,,,,,,,,,,,,,,,,,,,,,,,,,,,,,,,,,,,,,,,9:40:43 AM,6332,6313,38,0,0
oaks,103,10/18/2024,7:57:26 AM,0,1,0,0,0,1,0,0,1,0,0,0,0,1,0,0,0,0,0,0,0,0,0,0,0,0,0,0,0,1,0,0,1,1,0,0,1,1,2,0,3,0,3,No dogs,2,3,,,3,0,,2,0,,2,-2,0,,,,,,,,,,,,,,,,,,,,,,,,,,,,,,,,,,,,,,,,,,,,,7:57:40 AM,14,7,14,0,0
oaks,104,10/18/2024,8:00:18 AM,172,0,0,0,0,1,0,0,0,0,0,0,0,1,0,0,0,0,0,0,0,0,0,0,0,0,0,0,0,1,0,0,0,1,0,0,0,0,0,0,0,0,0,No users,,,,,,,,,,,,,,,,,,,,,,,,,,,,,,,,,,,,,,,,,,,,,,,,,,,,,,,,,,8:01:28 AM,241,207,69,0,0
oaks,105,10/18/2024,8:02:10 AM,284,1,0,0,0,0,0,0,0,0,0,0,0,0,0,0,0,0,0,0,0,0,0,0,0,0,0,0,0,0,0,0,0,1,0,0,0,1,1,0,1,0,1,No dogs,1,3,,,3,0,,0,,,0,0,,,,,,,,,,,,,,,,,,,,,,,,,,,,,,,,,,,,,,,,,,,,,,8:02:24 AM,297,291,13,0,0
oaks,106,10/18/2024,8:05:21 AM,475,0,0,0,0,1,0,0,0,0,0,0,0,1,0,0,0,0,0,0,0,0,0,0,0,0,0,0,0,1,0,0,0,1,0,0,0,0,0,0,0,0,0,No users,,,,,,,,,,,,,,,,,,,,,,,,,,,,,,,,,,,,,,,,,,,,,,,,,,,,,,,,,,8:06:18 AM,532,504,57,0,0
oaks,107,10/18/2024,8:10:22 AM,776,0,0,0,0,1,0,0,0,0,0,0,0,1,0,0,0,0,1,0,0,0,0,0,0,0,0,0,0,1,1,0,0,1,1,0,0,0,0,0,0,0,0,No users,,,,,,,,,,,,,,,,,,,,,,,,,,,,,,,,,,,,,,,,,,,,,,,,,,,,,,,,,,8:11:39 AM,853,815,77,0,0
oaks,108,10/18/2024,8:14:05 AM,999,0,0,0,0,1,0,0,0,0,0,0,0,0,0,0,0,0,0,0,0,0,0,0,0,0,0,0,0,1,0,0,0,1,0,0,0,1,1,1,1,1,2,Dogs,1,3,,,3,0,,0,,,0,0,,,1,1,0,,0,0,1,,0,,,,,,,,,,,,,,,,,,,,,,,,,,,,,,,,,,,8:14:23 AM,1017,1008,18,0,0
oaks,109,10/18/2024,8:15:19 AM,1073,0,0,1,0,1,0,0,0,0,0,0,0,1,0,0,0,0,0,0,0,0,0,1,0,0,0,0,0,1,0,1,0,1,0,1,0,0,0,0,0,0,0,No users,,,,,,,,,,,,,,,,,,,,,,,,,,,,,,,,,,,,,,,,,,,,,,,,,,,,,,,,,,8:16:30 AM,1143,1108,70,0,0
oaks,110,10/18/2024,8:20:29 AM,1383,0,0,0,0,0,0,0,0,0,0,0,0,1,0,0,0,0,0,0,0,0,0,0,0,0,0,0,0,1,0,0,0,1,0,0,0,0,0,0,0,0,0,No users,,,,,,,,,,,,,,,,,,,,,,,,,,,,,,,,,,,,,,,,,,,,,,,,,,,,,,,,,,8:21:23 AM,1437,1410,54,0,0
oaks,111,10/18/2024,8:25:12 AM,1666,1,0,1,0,0,0,0,0,0,0,0,0,0,0,0,0,0,0,1,0,0,0,0,1,0,0,0,0,0,0,1,1,1,0,1,1,0,0,0,0,0,0,No users,,,,,,,,,,,,,,,,,,,,,,,,,,,,,,,,,,,,,,,,,,,,,,,,,,,,,,,,,,8:26:19 AM,1732,1699,66,0,0
oaks,112,10/18/2024,8:30:47 AM,2001,0,0,0,0,0,0,0,0,0,0,0,0,0,0,0,0,0,0,0,0,0,0,0,0,0,0,0,0,0,0,0,0,0,0,0,0,0,0,0,0,0,0,No users,,,,,,,,,,,,,,,,,,,,,,,,,,,,,,,,,,,,,,,,,,,,,,,,,,,,,,,,,,8:31:43 AM,2056,2029,55,0,0
oaks,113,10/18/2024,8:33:34 AM,2168,0,0,0,0,0,0,0,0,0,0,0,0,0,0,0,0,1,1,0,0,0,0,0,0,0,0,0,0,1,1,0,0,1,1,0,0,1,1,0,1,0,1,No dogs,1,2,,,2,0,,0,,,0,0,,,,,,,,,,,,,,,,,,,,,,,,,,,,,,,,,,,,,,,,,,,,,,8:34:02 AM,2196,2182,28,0,0
oaks,114,10/18/2024,8:35:05 AM,2259,1,0,1,0,1,0,0,0,0,0,0,0,1,0,0,0,0,0,0,0,0,0,0,0,0,0,0,0,1,0,0,0,1,0,1,0,0,0,0,0,0,0,No users,,,,,,,,,,,,,,,,,,,,,,,,,,,,,,,,,,,,,,,,,,,,,,,,,,,,,,,,,,8:36:08 AM,2321,2290,62,0,0
oaks,115,10/18/2024,8:40:04 AM,2558,0,0,0,0,0,0,0,0,0,0,0,0,1,0,0,0,0,0,0,0,0,0,1,1,0,0,0,0,1,0,1,1,1,0,1,1,0,0,0,0,0,0,No users,,,,,,,,,,,,,,,,,,,,,,,,,,,,,,,,,,,,,,,,,,,,,,,,,,,,,,,,,,8:41:04 AM,2618,2588,60,0,0
oaks,116,10/18/2024,8:45:16 AM,2870,1,0,1,0,1,0,0,0,0,0,0,0,1,0,0,0,0,0,0,0,0,0,0,0,0,0,0,0,1,0,0,0,1,0,1,0,0,0,0,0,0,0,No users,,,,,,,,,,,,,,,,,,,,,,,,,,,,,,,,,,,,,,,,,,,,,,,,,,,,,,,,,,8:46:17 AM,2931,2901,61,0,0
oaks,117,10/18/2024,8:50:23 AM,3177,1,0,1,0,1,0,0,0,0,0,0,0,1,0,0,0,0,0,0,0,0,0,0,0,0,0,0,0,1,0,0,0,1,0,1,0,0,0,0,0,0,0,No users,,,,,,,,,,,,,,,,,,,,,,,,,,,,,,,,,,,,,,,,,,,,,,,,,,,,,,,,,,8:51:08 AM,3221,3199,44,0,0
oaks,118,10/18/2024,8:51:37 AM,3251,1,0,0,0,0,0,0,0,0,0,0,0,1,0,0,0,0,0,0,0,0,0,0,0,0,0,0,0,1,0,0,0,1,0,0,0,1,2,0,3,0,3,No dogs,2,3,,,3,0,,2,0,,2,-2,0,,,,,,,,,,,,,,,,,,,,,,,,,,,,,,,,,,,,,,,,,,,,,8:51:51 AM,3265,3258,14,0,0
oaks,119,10/18/2024,8:52:48 AM,3322,1,0,1,0,1,0,0,0,0,0,0,0,1,0,0,0,0,0,0,0,0,0,0,0,0,0,0,0,1,0,0,0,1,0,1,0,0,0,0,0,0,0,No users,,,,,,,,,,,,,,,,,,,,,,,,,,,,,,,,,,,,,,,,,,,,,,,,,,,,,,,,,,8:53:39 AM,3373,3348,51,0,0
oaks,120,10/18/2024,8:55:02 AM,3456,1,0,0,0,0,0,0,0,0,0,0,0,1,0,0,0,0,0,0,0,0,0,0,0,0,0,0,0,1,0,0,0,1,0,0,0,0,0,0,0,0,0,No users,,,,,,,,,,,,,,,,,,,,,,,,,,,,,,,,,,,,,,,,,,,,,,,,,,,,,,,,,,8:55:54 AM,3507,3482,51,0,0
oaks,121,10/18/2024,9:00:11 AM,3765,0,0,0,0,0,0,0,0,0,0,0,0,1,0,0,0,0,0,0,0,0,0,0,0,0,0,0,0,1,0,0,0,1,0,0,0,0,0,0,0,0,0,No users,,,,,,,,,,,,,,,,,,,,,,,,,,,,,,,,,,,,,,,,,,,,,,,,,,,,,,,,,,9:01:05 AM,3819,3792,54,0,0
oaks,122,10/18/2024,9:03:07 AM,3941,0,0,0,0,1,0,0,0,0,0,0,0,1,0,0,0,0,0,0,0,0,0,0,0,0,0,0,0,1,0,0,0,1,0,0,0,1,1,0,1,0,1,No dogs,,2,,,2,0,,0,,,0,0,,,,,,,,,,,,,,,,,,,,,,,,,,,,,,,,,,,,,,,,,,,,,,9:03:32 AM,3966,3954,25,0,0
oaks,123,10/18/2024,9:04:44 AM,4038,0,0,0,0,1,0,0,0,0,0,0,0,1,0,0,0,0,0,0,0,0,0,0,0,0,0,0,0,1,0,0,0,1,0,0,0,1,1,0,1,0,1,No dogs,1,2,0,,2,-2,,0,,,0,0,,camera,,,,,,,,,,,,,,,,,,,,,,,,,,,,,,,,,,,,,,,,,,,,9:05:25 AM,4079,4059,41,0,0
oaks,124,10/18/2024,9:05:51 AM,4105,0,0,0,0,1,0,0,0,0,0,0,0,1,0,0,0,0,0,0,0,0,0,0,0,0,0,0,0,1,0,0,0,1,0,0,0,0,0,0,0,0,0,No users,,,,,,,,,,,,,,,,,,,,,,,,,,,,,,,,,,,,,,,,,,,,,,,,,,,,,,,,,,9:06:48 AM,4161,4133,56,0,0
oaks,125,10/18/2024,9:10:05 AM,4359,1,0,1,0,1,0,0,0,0,0,0,0,1,0,0,0,0,0,0,0,0,0,0,0,0,0,0,0,1,0,0,0,1,0,1,0,0,0,0,0,0,0,No users,,,,,,,,,,,,,,,,,,,,,,,,,,,,,,,,,,,,,,,,,,,,,,,,,,,,,,,,,,9:11:07 AM,4421,4390,62,0,0
oaks,126,10/18/2024,9:11:57 AM,4471,1,0,0,0,1,0,0,0,0,0,0,0,1,0,0,0,0,0,0,0,0,0,0,0,0,0,0,0,1,0,0,0,1,0,0,0,1,1,0,1,0,1,No dogs,1,2,,,2,0,,0,,,0,0,,,,,,,,,,,,,,,,,,,,,,,,,,,,,,,,,,,,,,,,,,,,,,9:12:23 AM,4497,4484,26,0,0
oaks,127,10/18/2024,9:13:05 AM,4539,0,0,1,0,0,0,0,0,0,0,0,0,1,0,0,0,0,0,0,0,0,0,0,0,0,0,0,0,1,0,0,0,1,0,1,0,1,1,0,1,0,1,No dogs,1,3,,,3,0,,0,,,0,0,,,,,,,,,,,,,,,,,,,,,,,,,,,,,,,,,,,,,,,,,,,,,,9:13:18 AM,4551,4545,12,0,0
oaks,128,10/18/2024,9:15:02 AM,4656,0,0,1,0,1,0,0,0,0,0,0,0,1,0,0,0,0,0,0,0,0,0,0,0,0,0,0,0,1,0,0,0,1,0,1,0,0,0,0,0,0,0,No users,,,,,,,,,,,,,,,,,,,,,,,,,,,,,,,,,,,,,,,,,,,,,,,,,,,,,,,,,,9:15:57 AM,4710,4683,54,0,0
oaks,129,10/18/2024,9:18:55 AM,4889,1,0,1,0,1,0,0,0,0,0,0,0,1,0,0,0,0,0,0,0,0,0,0,0,0,0,0,0,1,0,0,0,1,0,1,0,1,1,0,3,0,3,No dogs,1,0,1,,1,1,,0,2,,2,2,0,,,,,,,,,,,,,,,,,,,,,,,,,,,,,,,,,,,,,,,,,,,,,9:20:00 AM,4954,4922,65,0,0
oaks,130,10/18/2024,9:20:30 AM,4984,1,0,1,0,1,0,0,0,0,0,0,0,1,0,0,0,0,0,0,0,0,0,0,0,0,0,0,0,1,0,0,0,1,0,1,0,0,0,0,0,0,0,No users,,,,,,,,,,,,,,,,,,,,,,,,,,,,,,,,,,,,,,,,,,,,,,,,,,,,,,,,,,9:21:29 AM,5042,5013,58,0,0
oaks,131,10/18/2024,9:26:32 AM,5346,1,0,1,0,0,0,0,0,0,0,0,0,1,0,0,0,0,0,0,0,0,0,0,0,0,0,0,0,1,0,0,0,1,0,1,0,0,0,0,0,0,0,No users,,,,,,,,,,,,,,,,,,,,,,,,,,,,,,,,,,,,,,,,,,,,,,,,,,,,,,,,,,9:27:28 AM,5401,5374,55,0,0
oaks,132,10/18/2024,9:30:05 AM,5559,0,1,0,0,1,0,0,0,0,0,0,0,1,0,0,0,0,0,0,0,0,0,0,0,0,0,0,0,1,0,0,0,1,1,0,0,0,0,0,0,0,0,No users,,,,,,,,,,,,,,,,,,,,,,,,,,,,,,,,,,,,,,,,,,,,,,,,,,,,,,,,,,9:31:05 AM,5618,5589,59,0,0
oaks,133,10/18/2024,9:31:40 AM,5654,1,0,0,0,1,0,0,0,0,0,0,0,1,0,0,0,0,0,0,0,0,0,0,0,0,0,0,0,1,0,0,0,1,0,0,0,1,2,0,3,0,3,No dogs,2,2,,,2,0,,2,0,,2,-2,0,,,,,,,,,,,,,,,,,,,,,,,,,,,,,,,,,,,,,,,,,,,,,9:32:05 AM,5679,5667,25,0,0
oaks,134,10/18/2024,9:33:17 AM,5751,1,0,0,0,1,0,0,0,0,0,0,0,0,0,0,0,0,0,0,0,0,0,1,0,0,0,0,0,1,0,1,0,1,0,1,0,2,2,0,3,0,3,No dogs,1,2,,,2,0,,0,2,,2,2,0,,,,,,,,,,,1,1,,1,0,0,,0,0,,,,,,,,,,,,,,,,,,,,,,,,,,9:34:00 AM,5793,5772,42,0,0
oaks,135,10/18/2024,9:35:07 AM,5861,0,0,0,0,0,0,0,0,0,0,0,0,1,0,0,0,0,0,0,0,0,0,0,0,0,0,0,0,1,0,0,0,1,0,0,0,0,0,0,0,0,0,No users,,,,,,,,,,,,,,,,,,,,,,,,,,,,,,,,,,,,,,,,,,,,,,,,,,,,,,,,,,9:36:06 AM,5920,5891,59,0,0
oaks,136,10/18/2024,9:40:13 AM,6167,1,0,1,0,1,0,0,0,0,0,0,0,1,0,0,0,0,0,0,0,0,0,0,0,0,0,0,0,1,0,0,0,1,0,1,0,0,0,0,0,0,0,No users,,,,,,,,,,,,,,,,,,,,,,,,,,,,,,,,,,,,,,,,,,,,,,,,,,,,,,,,,,9:41:10 AM,6224,6196,57,0,0
oaks,137,10/18/2024,9:45:06 AM,6460,1,0,0,0,0,0,0,0,0,0,0,0,1,0,0,0,1,0,0,0,0,0,0,0,0,0,0,0,1,0,0,0,1,0,0,0,0,0,0,0,0,0,No users,,,,,,,,,,,,,,,,,,,,,,,,,,,,,,,,,,,,,,,,,,,,,,,,,,,,,,,,,,9:46:05 AM,6519,6490,59,0,0
oaks,138,10/18/2024,9:50:05 AM,6759,0,0,0,0,0,0,0,0,0,0,0,0,1,0,0,0,0,1,0,0,0,0,0,0,0,0,0,0,1,1,0,0,1,1,0,0,0,0,0,0,0,0,No users,,,,,,,,,,,,,,,,,,,,,,,,,,,,,,,,,,,,,,,,,,,,,,,,,,,,,,,,,,9:51:13 AM,6826,6793,67,0,0
oaks,139,10/18/2024,9:55:05 AM,7059,1,0,0,0,0,0,0,0,0,0,0,0,1,0,0,0,1,0,0,0,0,0,0,0,0,0,0,0,1,0,0,0,1,0,0,0,0,0,0,0,0,0,No users,,,,,,,,,,,,,,,,,,,,,,,,,,,,,,,,,,,,,,,,,,,,,,,,,,,,,,,,,,9:56:07 AM,7121,7090,62,0,0
oaks,140,10/18/2024,10:00:01 AM,7355,1,0,0,0,0,0,0,0,0,0,0,0,1,0,0,0,0,0,0,0,0,0,0,0,0,0,0,0,1,0,0,0,1,0,0,0,0,0,0,0,0,0,No users,,,,,,,,,,,,,,,,,,,,,,,,,,,,,,,,,,,,,,,,,,,,,,,,,,,,,,,,,,10:00:57 AM,7410,7383,55,0,0
oaks,141,10/18/2024,10:01:22 AM,7436,0,0,0,0,0,0,0,0,0,0,0,0,1,0,0,0,0,0,0,0,0,0,0,0,0,0,0,0,1,0,0,0,1,0,0,0,1,1,0,1,0,1,No dogs,1,3,,,3,0,,0,,,0,0,,,,,,,,,,,,,,,,,,,,,,,,,,,,,,,,,,,,,,,,,,,,,,10:01:32 AM,7446,7441,10,0,0
oaks,142,10/18/2024,10:02:45 AM,7519,0,0,0,0,0,0,0,0,0,0,0,0,1,0,0,0,0,0,0,0,0,0,0,0,0,0,0,0,1,0,0,0,1,0,0,0,0,0,0,0,0,0,No users,,,,,,,,,,,,,,,,,,,,,,,,,,,,,,,,,,,,,,,,,,,,,,,,,,,,,,,,,,10:03:35 AM,7568,7544,49,0,0
smith bybee,86,10/19/2024,8:05:20 AM,0,0,0,0,0,0,0,0,0,0,0,0,0,0,0,0,0,0,0,0,0,0,0,0,0,0,0,0,0,0,0,0,0,0,0,0,0,0,0,0,0,0,0,No users,,,,,,,,,,,,,,,,,,,,,,,,,,,,,,,,,,,,,,,,,,,,,,,,,,,,,,,,,,8:06:11 AM,51,26,51,0,0
smith bybee,88,10/19/2024,8:15:17 AM,597,0,0,0,0,0,0,0,0,0,0,0,0,0,0,0,0,0,0,0,0,0,0,0,0,0,0,0,0,0,0,0,0,0,0,0,0,0,0,0,0,0,0,No users,,,,,,,,,,,,,,,,,,,,,,,,,,,,,,,,,,,,,,,,,,,,,,,,,,,,,,,,,,8:16:17 AM,656,627,59,0,0
smith bybee,89,10/19/2024,8:20:08 AM,888,0,0,0,0,0,0,0,0,0,0,0,0,0,0,0,0,0,0,0,0,0,0,0,0,0,0,0,0,0,0,0,0,0,0,0,0,0,0,0,0,0,0,No users,,,,,,,,,,,,,,,,,,,,,,,,,,,,,,,,,,,,,,,,,,,,,,,,,,,,,,,,,,8:21:16 AM,955,922,67,0,0
smith bybee,90,10/19/2024,8:25:13 AM,1193,0,0,0,0,0,0,0,0,0,0,0,0,0,0,0,0,0,0,0,0,0,0,0,0,0,0,0,0,0,0,0,0,0,0,0,0,0,0,0,0,0,0,No users,,,,,,,,,,,,,,,,,,,,,,,,,,,,,,,,,,,,,,,,,,,,,,,,,,,,,,,,,,8:26:22 AM,1261,1227,68,0,0
smith bybee,91,10/19/2024,8:30:05 AM,1485,0,0,1,0,0,0,0,0,0,0,0,0,0,0,0,0,0,0,0,0,0,0,0,0,0,0,0,0,0,0,0,0,0,0,1,0,0,0,0,0,0,0,No users,,,,,,,,,,,,,,,,,,,,,,,,,,,,,,,,,,,,,,,,,,,,,,,,,,,,,,,,,,8:31:00 AM,1540,1513,55,0,0
smith bybee,92,10/19/2024,8:35:13 AM,1793,0,0,0,0,0,0,0,0,0,0,0,0,0,0,0,0,0,0,0,0,0,0,0,0,0,0,0,0,0,0,0,0,0,0,0,0,0,0,0,0,0,0,No users,,,,,,,,,,,,,,,,,,,,,,,,,,,,,,,,,,,,,,,,,,,,,,,,,,,,,,,,,,8:36:11 AM,1850,1822,57,0,0
smith bybee,93,10/19/2024,8:40:01 AM,2081,0,0,0,0,0,0,0,0,0,0,0,0,0,0,0,0,0,0,0,0,0,0,0,0,0,0,0,0,0,0,0,0,0,0,0,0,0,0,0,0,0,0,No users,,,,,,,,,,,,,,,,,,,,,,,,,,,,,,,,,,,,,,,,,,,,,,,,,,,,,,,,,,8:41:04 AM,2143,2112,62,0,0
smith bybee,94,10/19/2024,8:45:03 AM,2383,1,0,0,0,0,0,0,0,0,0,0,0,0,0,0,0,0,0,0,0,0,0,0,0,0,0,0,0,0,0,0,0,1,0,0,0,0,0,0,0,0,0,No users,,,,,,,,,,,,,,,,,,,,,,,,,,,,,,,,,,,,,,,,,,,,,,,,,,,,,,,,,,8:46:16 AM,2456,2420,73,0,0
smith bybee,95,10/19/2024,8:50:12 AM,2693,1,0,0,0,0,0,1,0,0,0,0,0,0,0,0,0,0,0,0,0,0,0,0,0,0,0,0,0,0,0,1,0,1,0,1,0,0,0,0,0,0,0,No users,,,,,,,,,,,,,,,,,,,,,,,,,,,,,,,,,,,,,,,,,,,,,,,,,,,,,,,,,,8:51:09 AM,2749,2721,56,1,0
smith bybee,96,10/19/2024,8:55:10 AM,2990,0,1,0,0,1,0,0,0,0,0,0,0,0,0,0,0,0,1,0,0,0,0,0,0,0,0,0,0,1,1,0,0,1,1,0,0,0,0,0,0,0,0,No users,,,,,,,,,,,,,,,,,,,,,,,,,,,,,,,,,,,,,,,,,,,,,,,,,,,,,,,,,,8:56:16 AM,3056,3023,66,0,0
smith bybee,97,10/19/2024,8:58:47 AM,3207,0,0,0,0,1,0,0,0,0,0,0,0,0,0,0,0,1,0,0,0,0,0,0,0,0,0,0,0,1,0,0,0,1,0,0,0,1,2,0,3,0,3,No dogs,2,1,,,1,0,,2,,,2,0,,,,,,,,,,,,,,,,,,,,,,,,,,,,,,,,,,,,,,,,,,,,,,8:59:15 AM,3235,3221,28,0,0
smith bybee,98,10/19/2024,9:00:12 AM,3292,0,0,0,0,0,1,0,0,0,0,0,0,0,0,0,0,0,1,0,0,0,0,0,0,0,0,0,0,0,1,0,0,0,1,0,0,0,0,0,0,0,0,No users,,,,,,,,,,,,,,,,,,,,,,,,,,,,,,,,,,,,,,,,,,,,,,,,,,,,,,,,,,9:01:12 AM,3352,3322,60,0,0
smith bybee,99,10/19/2024,9:05:04 AM,3584,1,0,0,0,1,0,0,0,0,0,0,0,0,0,0,0,0,1,0,0,0,0,0,0,0,0,0,0,1,1,0,0,1,1,0,0,0,0,0,0,0,0,No users,,,,,,,,,,,,,,,,,,,,,,,,,,,,,,,,,,,,,,,,,,,,,,,,,,,,,,,,,,9:06:01 AM,3640,3612,56,0,0
smith bybee,100,10/19/2024,9:10:01 AM,3881,1,0,0,0,0,0,0,0,0,0,0,0,0,0,0,0,1,0,0,0,0,0,0,0,0,0,0,0,1,0,0,0,1,0,0,0,0,0,0,0,0,0,No users,,,,,,,,,,,,,,,,,,,,,,,,,,,,,,,,,,,,,,,,,,,,,,,,,,,,,,,,,,9:11:03 AM,3943,3912,62,0,0
smith bybee,101,10/19/2024,9:15:14 AM,4194,1,0,0,0,0,0,0,0,0,0,0,0,1,0,0,0,0,0,0,0,0,0,0,0,0,0,0,0,1,0,0,0,1,0,0,0,0,0,0,0,0,0,No users,,,,,,,,,,,,,,,,,,,,,,,,,,,,,,,,,,,,,,,,,,,,,,,,,,,,,,,,,,9:16:17 AM,4256,4225,62,0,0
smith bybee,102,10/19/2024,9:21:51 AM,4591,1,0,0,0,0,0,0,0,0,0,0,0,1,0,0,0,0,0,0,0,0,0,1,0,0,0,0,0,1,0,1,0,1,0,1,0,0,0,0,0,0,0,No users,,,,,,,,,,,,,,,,,,,,,,,,,,,,,,,,,,,,,,,,,,,,,,,,,,,,,,,,,,9:22:49 AM,4648,4620,57,0,0
smith bybee,103,10/19/2024,9:25:09 AM,4789,1,0,0,0,0,0,0,0,0,0,0,0,1,0,0,0,1,0,0,0,0,0,1,0,0,0,0,0,1,0,1,0,1,0,1,0,0,0,0,0,0,0,No users,,,,,,,,,,,,,,,,,,,,,,,,,,,,,,,,,,,,,,,,,,,,,,,,,,,,,,,,,,9:26:27 AM,4867,4828,78,0,0
smith bybee,104,10/19/2024,9:29:47 AM,5067,0,0,0,0,1,0,0,0,0,0,0,0,0,0,0,0,0,0,0,0,0,0,0,0,0,0,0,0,1,0,0,0,1,0,0,0,1,2,0,3,0,3,No dogs,2,2,,,2,0,,2,,,2,0,,,,,,,,,,,,,,,,,,,,,,,,,,,,,,,,,,,,,,,,,,,,,,9:30:19 AM,5099,5083,32,0,0
smith bybee,105,10/19/2024,9:32:05 AM,5205,0,0,0,0,0,0,0,0,0,0,0,0,1,0,0,0,0,0,0,0,0,0,1,0,0,0,0,0,1,0,1,0,1,0,1,0,0,0,0,0,0,0,No users,,,,,,,,,,,,,,,,,,,,,,,,,,,,,,,,,,,,,,,,,,,,,,,,,,,,,,,,,,9:33:08 AM,5267,5236,62,0,0
smith bybee,106,10/19/2024,9:35:02 AM,5382,1,0,0,0,0,0,0,0,0,0,0,0,1,0,0,0,0,0,0,0,0,0,0,0,0,0,0,0,1,0,0,0,1,0,0,0,0,0,0,0,0,0,No users,,,,,,,,,,,,,,,,,,,,,,,,,,,,,,,,,,,,,,,,,,,,,,,,,,,,,,,,,,9:36:05 AM,5445,5414,63,0,0
smith bybee,107,10/19/2024,9:40:01 AM,5681,0,0,0,0,1,0,0,0,0,0,0,0,1,0,0,0,0,0,0,0,0,0,0,0,0,0,0,0,1,0,0,0,1,0,0,0,0,0,0,0,0,0,No users,,,,,,,,,,,,,,,,,,,,,,,,,,,,,,,,,,,,,,,,,,,,,,,,,,,,,,,,,,9:41:06 AM,5746,5714,65,0,0
smith bybee,108,10/19/2024,9:45:07 AM,5987,0,0,0,0,0,0,0,0,0,0,0,0,0,0,0,0,1,0,0,0,0,0,1,0,0,0,0,0,1,0,1,0,1,0,1,0,0,0,0,0,0,0,No users,,,,,,,,,,,,,,,,,,,,,,,,,,,,,,,,,,,,,,,,,,,,,,,,,,,,,,,,,,9:46:07 AM,6047,6017,60,0,0
smith bybee,109,10/19/2024,9:50:05 AM,6285,0,0,0,0,0,0,0,0,0,0,0,0,0,0,0,0,0,0,0,0,0,0,0,0,0,0,0,0,0,0,0,0,0,0,0,0,0,0,0,0,0,0,No users,,,,,,,,,,,,,,,,,,,,,,,,,,,,,,,,,,,,,,,,,,,,,,,,,,,,,,,,,,9:51:02 AM,6342,6314,57,0,0
smith bybee,110,10/19/2024,9:55:01 AM,6581,0,0,0,0,0,0,0,0,0,0,0,0,0,0,0,0,0,1,0,0,0,0,0,0,0,0,0,0,0,1,0,0,0,1,0,0,0,0,0,0,0,0,No users,,,,,,,,,,,,,,,,,,,,,,,,,,,,,,,,,,,,,,,,,,,,,,,,,,,,,,,,,,9:55:55 AM,6634,6608,53,0,0
smith bybee,111,10/19/2024,9:57:11 AM,6711,1,0,1,0,0,1,0,0,0,0,0,0,0,0,0,0,1,0,0,0,0,0,1,0,0,0,0,0,1,1,1,0,1,1,1,0,0,0,0,0,0,0,No users,,,,,,,,,,,,,,,,,,,,,,,,,,,,,,,,,,,,,,,,,,,,,,,,,,,,,,,,,,9:58:14 AM,6773,6742,62,0,0
smith bybee,112,10/19/2024,10:00:13 AM,6893,1,0,0,0,0,0,0,0,0,0,0,0,0,0,0,0,1,0,0,0,0,0,0,0,0,0,0,0,1,0,0,0,1,0,0,0,0,0,0,0,0,0,No users,,,,,,,,,,,,,,,,,,,,,,,,,,,,,,,,,,,,,,,,,,,,,,,,,,,,,,,,,,10:01:11 AM,6950,6922,57,0,0
smith bybee,113,10/19/2024,10:05:01 AM,7181,0,0,0,0,0,0,0,0,0,0,0,0,0,0,0,0,0,0,0,0,0,0,1,0,0,0,0,0,0,0,1,0,0,0,1,0,0,0,0,0,0,0,No users,,,,,,,,,,,,,,,,,,,,,,,,,,,,,,,,,,,,,,,,,,,,,,,,,,,,,,,,,,10:06:02 AM,7241,7211,60,0,0
sellwood,100,10/20/2024,7:55:03 AM,0,0,1,0,0,0,1,0,0,0,0,0,0,0,0,0,0,0,0,0,0,0,0,0,0,0,0,0,0,0,1,0,0,0,1,0,0,0,0,0,0,0,0,No users,,,,,,,,,,,,,,,,,,,,,,,,,,,,,,,,,,,,,,,,,,,,,,,,,,,,,,,,,,7:56:00 AM,57,29,57,0,0
sellwood,102,10/20/2024,8:00:03 AM,300,0,0,0,0,0,0,0,0,0,0,0,0,0,0,0,0,0,0,0,0,0,0,0,0,0,0,0,0,0,0,0,0,0,0,0,0,0,0,0,0,0,0,No users,,,,,,,,,,,,,,,,,,,,,,,,,,,,,,,,,,,,,,,,,,,,,,,,,,,,,,,,,,8:00:59 AM,356,328,56,0,0
sellwood,103,10/20/2024,8:04:39 AM,576,0,0,0,0,1,0,0,0,0,0,0,0,0,0,0,0,1,0,0,0,0,0,0,0,0,0,0,0,1,0,0,0,1,0,0,0,0,0,0,0,0,0,No users,,,,,,,,,,,,,,,,,,,,,,,,,,,,,,,,,,,,,,,,,,,,,,,,,,,,,,,,,,8:05:30 AM,627,602,51,0,0
sellwood,104,10/20/2024,8:10:21 AM,918,0,0,1,0,0,0,0,0,0,0,0,0,0,0,0,0,0,0,0,0,0,0,0,0,0,0,0,0,0,0,0,0,0,0,1,0,0,0,0,0,0,0,No users,,,,,,,,,,,,,,,,,,,,,,,,,,,,,,,,,,,,,,,,,,,,,,,,,,,,,,,,,,8:11:20 AM,976,947,58,0,0
sellwood,105,10/20/2024,8:15:02 AM,1199,0,0,1,0,0,0,0,0,1,0,0,0,0,0,0,0,0,0,0,0,0,0,0,0,0,0,0,0,1,0,0,0,1,0,1,0,0,0,0,0,0,0,No users,,,,,,,,,,,,,,,,,,,,,,,,,,,,,,,,,,,,,,,,,,,,,,,,,,,,,,,,,,8:15:53 AM,1249,1224,50,0,0
sellwood,106,10/20/2024,8:20:10 AM,1507,0,0,1,0,0,0,0,0,0,0,0,0,0,0,0,0,0,0,0,0,0,0,0,0,0,0,0,0,0,0,0,0,0,0,1,0,0,0,0,0,0,0,No users,,,,,,,,,,,,,,,,,,,,,,,,,,,,,,,,,,,,,,,,,,,,,,,,,,,,,,,,,,8:21:02 AM,1559,1533,52,0,0
sellwood,108,10/20/2024,8:24:31 AM,1768,1,0,1,0,0,1,0,0,0,0,0,0,0,0,0,0,1,0,0,0,0,0,0,0,0,0,0,0,1,1,0,0,1,1,1,0,0,0,0,0,0,0,No users,,,,,,,,,,,,,,,,,,,,,,,,,,,,,,,,,,,,,,,,,,,,,,,,,,,,,,,,,,8:25:32 AM,1829,1799,61,0,0
sellwood,109,10/20/2024,8:30:23 AM,2120,0,0,1,0,1,0,0,0,0,0,0,0,1,0,0,0,0,0,0,0,0,0,0,0,0,0,0,0,1,0,0,0,1,0,1,0,0,0,0,0,0,0,No users,,,,,,,,,,,,,,,,,,,,,,,,,,,,,,,,,,,,,,,,,,,,,,,,,,,,,,,,,,8:31:24 AM,2180,2150,60,0,0
sellwood,110,10/20/2024,8:34:24 AM,2361,1,0,1,0,0,1,0,0,0,0,0,0,0,0,0,0,1,0,0,0,0,0,0,0,0,0,0,0,1,1,0,0,1,1,1,0,1,2,3,3,1,4,Dogs,2,1,,,1,0,,2,0,,2,-2,0,,3,0,0,,0,0,0,1,1,,,,,,,,,,,,,,,,,,,,,,,,,,,,,,,,,,,8:35:32 AM,2429,2395,68,0,0
sellwood,111,10/20/2024,8:36:10 AM,2467,0,0,1,0,1,0,0,0,0,0,0,0,0,0,0,0,1,0,0,0,0,0,0,0,0,0,0,0,1,0,0,0,1,0,1,0,0,0,0,0,0,0,No users,,,,,,,,,,,,,,,,,,,,,,,,,,,,,,,,,,,,,,,,,,,,,,,,,,,,,,,,,,8:37:10 AM,2526,2497,59,0,0
sellwood,112,10/20/2024,8:39:04 AM,2641,0,0,0,1,0,0,0,0,0,0,0,0,0,0,0,0,0,0,0,0,0,0,0,0,0,0,0,0,0,0,0,0,0,0,0,1,1,1,1,3,2,4,Dogs,1,2,,,2,0,,0,2,,2,2,0,,1,0,1,,1,0,0,1,1,,,,,,,,,,,,,,,,,,,,,,,,,,,,,,,,,,,8:39:57 AM,2693,2667,52,0,0
sellwood,113,10/20/2024,8:40:21 AM,2718,0,0,0,0,0,0,0,0,0,0,0,0,0,0,0,0,1,0,0,0,0,0,0,0,0,0,0,0,1,0,0,0,1,0,0,0,0,0,0,0,0,0,No users,,,,,,,,,,,,,,,,,,,,,,,,,,,,,,,,,,,,,,,,,,,,,,,,,,,,,,,,,,8:41:07 AM,2764,2741,46,0,0
sellwood,114,10/20/2024,8:41:24 AM,2781,0,0,0,0,0,0,0,0,0,0,0,0,0,0,0,0,0,1,0,0,0,0,0,0,0,0,0,0,0,1,0,0,0,1,0,0,2,2,3,3,4,5,Dogs,1,0,2,,2,2,,0,,,0,0,,,1,0,0,3,3,3,1,,0,1,2,0,2,-2,2,,2,0,,2,0,1,1,1,,0,,,,,,,,,,,,,,,,,,8:42:02 AM,2818,2800,37,0,0
sellwood,115,10/20/2024,8:42:30 AM,2847,0,0,1,0,0,0,0,0,0,0,0,0,1,0,0,0,1,0,0,0,0,0,0,0,0,0,0,0,1,0,0,0,1,0,1,0,0,0,0,0,0,0,No users,,,,,,,,,,,,,,,,,,,,,,,,,,,,,,,,,,,,,,,,,,,,,,,,,,,,,,,,,,8:43:15 AM,2891,2869,44,0,0
sellwood,116,10/20/2024,8:43:19 AM,2896,0,0,0,0,0,0,0,0,0,0,0,0,0,0,0,0,0,0,0,0,0,0,0,0,0,0,0,0,0,0,0,0,0,0,0,0,1,1,1,3,2,4,Dogs,1,2,,,2,0,,2,0,,2,-2,0,,1,0,1,,1,0,1,,0,,,,,,,,,,,,,,,,,,,,,,,,,,,,,,,,,,,8:43:50 AM,2924,2910,28,0,0
sellwood,117,10/20/2024,8:44:34 AM,2971,0,0,0,0,0,0,0,0,0,0,0,0,0,0,0,0,0,0,0,0,0,0,0,0,0,0,0,0,0,0,0,0,0,0,0,0,1,2,1,3,1,4,Dogs,2,2,,,2,0,,2,,,2,0,,,1,0,0,,0,0,1,0,-1,,,,,,,,,,,,,,,,,,,,,,,,,,,,,,,,,,,8:44:57 AM,2994,2983,23,0,0
sellwood,118,10/20/2024,8:45:52 AM,3049,0,0,1,0,1,0,0,0,0,0,0,0,0,0,0,0,1,0,0,0,0,0,0,0,0,0,0,0,1,0,0,0,1,0,1,0,0,0,0,0,0,0,No users,,,,,,,,,,,,,,,,,,,,,,,,,,,,,,,,,,,,,,,,,,,,,,,,,,,,,,,,,,8:46:55 AM,3111,3080,62,0,0
sellwood,119,10/20/2024,8:50:36 AM,3333,0,0,1,0,0,0,0,0,0,0,0,0,0,0,0,0,0,0,0,0,0,0,0,0,0,0,0,0,0,0,0,0,0,0,1,0,0,0,0,0,0,0,No users,,,,,,,,,,,,,,,,,,,,,,,,,,,,,,,,,,,,,,,,,,,,,,,,,,,,,,,,,,8:51:22 AM,3379,3356,46,0,0
sellwood,120,10/20/2024,8:53:26 AM,3503,0,0,1,0,0,0,0,0,0,0,0,0,0,0,0,0,0,0,0,0,0,0,0,0,0,0,0,0,0,0,0,0,0,0,1,0,1,1,2,3,1,4,Dogs,1,2,,,2,0,,2,,,2,0,,,2,1,0,,0,0,1,,0,,,,,,,,,,,,,,,,,,,,,,,,,,,,,,,,,,,8:53:50 AM,3526,3515,23,0,0
sellwood,121,10/20/2024,8:55:06 AM,3603,1,0,1,0,0,0,0,0,0,0,0,0,0,0,0,0,0,0,0,0,0,0,0,0,0,0,0,0,0,0,0,0,1,0,1,0,0,0,0,0,0,0,No users,,,,,,,,,,,,,,,,,,,,,,,,,,,,,,,,,,,,,,,,,,,,,,,,,,,,,,,,,,8:56:03 AM,3659,3631,56,1,0
sellwood,122,10/20/2024,8:57:28 AM,3745,1,0,0,0,0,0,0,0,0,0,0,0,0,0,0,0,0,0,0,0,0,0,0,0,0,0,0,0,0,0,0,0,1,0,0,0,1,1,2,3,1,4,Dogs,1,2,,,2,0,,2,0,,2,-2,0,,2,0,0,,0,0,1,,0,,,,,,,,,,,,,,,,,,,,,,,,,,,,,,,,,,,8:57:56 AM,3773,3759,28,0,0
sellwood,123,10/20/2024,8:58:30 AM,3807,1,0,1,0,0,0,0,0,0,0,0,0,0,0,0,0,0,0,0,0,0,0,0,0,0,0,0,0,0,0,0,0,1,0,1,0,1,2,1,3,1,4,Dogs,2,1,,,1,0,,2,,,2,0,,,1,0,0,,0,0,1,,0,,,,,,,,,,,,,,,,,,,,,,,,,,,,,,,,,,,8:59:16 AM,3853,3830,46,0,0
sellwood,124,10/20/2024,9:00:08 AM,3905,0,1,1,0,1,0,0,0,0,0,0,0,0,0,0,0,0,0,0,0,0,0,0,0,0,0,0,0,1,0,0,0,1,1,1,0,0,0,0,0,0,0,No users,,,,,,,,,,,,,,,,,,,,,,,,,,,,,,,,,,,,,,,,,,,,,,,,,,,,,,,,,,9:01:09 AM,3965,3935,60,0,0
sellwood,125,10/20/2024,9:04:48 AM,4185,1,0,1,0,0,0,0,0,0,0,0,0,0,0,0,0,0,0,0,0,0,0,0,0,0,0,0,0,0,0,0,0,1,0,1,0,0,0,0,0,0,0,No users,,,,,,,,,,,,,,,,,,,,,,,,,,,,,,,,,,,,,,,,,,,,,,,,,,,,,,,,,,9:05:04 AM,4201,4193,16,0,0
sellwood,126,10/20/2024,9:05:15 AM,4212,0,1,1,0,0,0,0,0,0,0,0,0,0,0,0,0,0,0,0,0,0,0,0,0,0,0,0,0,0,0,0,0,0,1,1,0,1,1,2,1,1,2,Dogs,1,2,,,2,0,,0,,,0,0,,,2,0,0,,0,0,1,,0,,,,,,,,,,,,,,,,,,,,,,,,,,,,,,,,,,,9:05:38 AM,4234,4223,22,0,0
sellwood,127,10/20/2024,9:07:44 AM,4361,1,0,1,0,0,1,0,0,0,0,0,0,0,0,0,0,0,0,0,0,0,0,0,0,0,0,0,0,0,1,0,0,1,1,1,0,1,1,1,1,1,2,Dogs,1,1,,,1,0,,0,,,0,0,,,1,0,0,,0,0,1,,0,,,,,,,,,,,,,,,,,,,,,,,,,,,,,,,,,,,9:08:14 AM,4391,4376,30,0,0
sellwood,128,10/20/2024,9:10:01 AM,4498,0,0,0,1,0,0,0,0,0,0,0,0,0,0,0,0,1,0,0,0,0,0,0,0,0,0,0,0,1,0,0,0,1,0,0,1,0,0,0,0,0,0,No users,,,,,,,,,,,,,,,,,,,,,,,,,,,,,,,,,,,,,,,,,,,,,,,,,,,,,,,,,,9:11:00 AM,4557,4528,59,0,0
sellwood,129,10/20/2024,9:14:43 AM,4780,1,0,1,0,0,0,0,0,0,0,0,0,0,0,0,0,0,1,0,0,0,0,0,0,0,0,0,0,0,1,0,0,1,1,1,0,0,0,0,0,0,0,No users,,,,,,,,,,,,,,,,,,,,,,,,,,,,,,,,,,,,,,,,,,,,,,,,,,,,,,,,,,9:15:35 AM,4832,4806,52,0,0
sellwood,130,10/20/2024,9:20:01 AM,5098,0,1,0,0,0,0,0,0,1,0,0,0,0,0,0,0,0,0,0,0,0,0,0,0,0,0,0,0,1,0,0,0,1,1,0,0,0,0,0,0,0,0,No users,,,,,,,,,,,,,,,,,,,,,,,,,,,,,,,,,,,,,,,,,,,,,,,,,,,,,,,,,,9:20:56 AM,5152,5125,54,0,0
sellwood,131,10/20/2024,9:22:07 AM,5224,0,0,0,1,0,0,0,0,0,0,0,0,0,0,0,0,1,0,0,0,0,0,0,0,0,0,0,0,1,0,0,0,1,0,0,1,1,3,0,3,0,3,No dogs,3,2,,,2,0,,2,,,2,0,,,,,,,,,,,,,,,,,,,,,,,,,,,,,,,,,,,,,,,,,,,,,,9:22:30 AM,5246,5235,22,0,0
sellwood,132,10/20/2024,9:24:53 AM,5390,0,0,0,0,0,0,0,0,0,0,0,0,0,0,0,0,0,0,0,0,0,0,0,0,0,0,0,0,0,0,0,0,0,0,0,0,0,0,0,0,0,0,No users,,,,,,,,,,,,,,,,,,,,,,,,,,,,,,,,,,,,,,,,,,,,,,,,,,,,,,,,,,9:25:15 AM,5412,5401,22,0,0
sellwood,133,10/20/2024,9:25:23 AM,5420,0,0,1,0,0,0,0,0,0,0,0,0,0,0,0,0,0,0,0,0,0,0,0,0,0,0,0,0,0,0,0,0,0,0,1,0,2,3,0,1,0,1,No dogs,1,2,,,2,0,,0,,,0,0,,,,,,,,,,,,2,2,,2,0,2,,2,0,,,,,,,,,,,,,,,,,,,,,,,,,,9:25:51 AM,5447,5434,27,0,0
sellwood,134,10/20/2024,9:29:12 AM,5649,0,0,1,0,0,0,0,0,0,0,0,0,0,0,0,0,1,0,0,0,0,0,0,0,0,0,0,0,1,0,0,0,1,0,1,0,3,4,2,2,2,4,Dogs,1,0,1,,1,1,0,1,,,1,0,,,,,,,,,,,,1,2,,2,0,2,,2,0,,,,,,,,,2,0,2,2,2,2,3,3,1,,2,0,2,0,2,-2,1,9:31:31 AM,5788,5719,139,0,0
sellwood,135,10/20/2024,9:32:01 AM,5818,0,0,1,0,0,0,0,0,0,0,0,0,0,0,0,0,1,0,0,0,0,0,0,0,0,0,0,0,1,0,0,0,1,0,1,0,1,1,2,2,1,3,Dogs,1,2,,,2,0,,1,0,,1,-1,0,,2,0,0,,0,0,1,,0,,,,,,,,,,,,,,,,,,,,,,,,,,,,,,,,,,,9:32:19 AM,5831,5825,13,0,0
sellwood,136,10/20/2024,9:33:06 AM,5883,0,0,1,0,0,0,0,0,0,0,0,0,0,0,0,0,0,0,0,0,0,0,0,0,0,0,0,0,0,0,0,0,0,0,1,0,1,1,1,1,1,2,Dogs,1,2,,,2,0,,0,,,0,0,,,1,1,0,,0,0,1,,0,,,,,,,,,,,,,,,,,,,,,,,,,,,,,,,,,,,9:33:29 AM,5906,5895,23,0,0
sellwood,137,10/20/2024,9:33:55 AM,5932,0,0,1,0,0,0,0,0,0,0,0,0,0,0,0,0,1,0,0,0,0,0,0,0,0,0,0,0,1,0,0,0,1,0,1,0,0,0,0,0,0,0,No users,,,,,,,,,,,,,,,,,,,,,,,,,,,,,,,,,,,,,,,,,,,,,,,,,,,,,,,,,,9:34:12 AM,5948,5940,16,0,0
sellwood,138,10/20/2024,8:28:06 AM,1983,1,0,0,1,0,0,0,0,0,0,0,0,0,0,0,0,0,0,0,0,0,0,0,0,0,0,0,0,0,0,0,0,1,0,0,1,2,1,3,4,2,5,Dogs,0,,,,,,,3,,,3,0,,,2,0,1,,1,0,0,1,1,1,2,0,2,-2,1,,1,0,,1,0,0,0,1,,0,,,,,,,,,,,,,,,,,,8:29:38 AM,2074,2029,91,0,0